{"type":"Topology","transform":{"scale":[0.0029221772689268883,0.0028752730004000413],"translate":[68.14340254000015,6.745550848000107]},"objects":{"subunits":{"type":"GeometryCollection","geometries":[{"type":"MultiPolygon","id":"INA","arcs":[[[0]],[[1]],[[2]],[[3]],[[4]],[[5]],[[6]],[[7]],[[8]],[[9]]],"properties":{"name":"Andaman Is."}},{"type":"MultiPolygon","id":"INL","arcs":[[[10]],[[11]],[[12]],[[13]],[[14]],[[15]],[[16]],[[17]],[[18]],[[19]],[[20]]],"properties":{"name":"Lakshadweep"}},{"type":"MultiPolygon","id":"INN","arcs":[[[21]],[[22]],[[23]],[[24]],[[25]],[[26]],[[27]],[[28]]],"properties":{"name":"Nicobar Is."}},{"type":"MultiPolygon","id":"INX","arcs":[[[29]],[[30]],[[31]],[[32]],[[33]],[[34]]],"properties":{"name":"India"}}]},"places":{"type":"GeometryCollection","geometries":[{"type":"Point","coordinates":[2592,8877],"properties":{"name":"Pathankot"}},{"type":"Point","coordinates":[2356,7910],"properties":{"name":"Sirsa"}},{"type":"Point","coordinates":[3020,7879],"properties":{"name":"Panipat"}},{"type":"Point","coordinates":[3020,7976],"properties":{"name":"Karnal"}},{"type":"Point","coordinates":[2123,9548],"properties":{"name":"Baramula"}},{"type":"Point","coordinates":[3568,2784],"properties":{"name":"Proddatur"}},{"type":"Point","coordinates":[3537,3051],"properties":{"name":"Nandyal"}},{"type":"Point","coordinates":[3198,2446],"properties":{"name":"Hindupur"}},{"type":"Point","coordinates":[3858,2401],"properties":{"name":"Tirupati"}},{"type":"Point","coordinates":[4074,3065],"properties":{"name":"Ongole"}},{"type":"Point","coordinates":[5255,3956],"properties":{"name":"Vizianagaram"}},{"type":"Point","coordinates":[4670,3576],"properties":{"name":"Rajahmundry"}},{"type":"Point","coordinates":[4461,3288],"properties":{"name":"Machilipatnam"}},{"type":"Point","coordinates":[4112,3663],"properties":{"name":"Khammam"}},{"type":"Point","coordinates":[4173,3170],"properties":{"name":"Chirala"}},{"type":"Point","coordinates":[3752,4074],"properties":{"name":"Karimnagar"}},{"type":"Point","coordinates":[3407,4147],"properties":{"name":"Nizamabad"}},{"type":"Point","coordinates":[2883,749],"properties":{"name":"Kollam"}},{"type":"Point","coordinates":[2815,958],"properties":{"name":"Alappuzha"}},{"type":"Point","coordinates":[6076,4547],"properties":{"name":"Puri"}},{"type":"Point","coordinates":[5416,5121],"properties":{"name":"Sambalpur"}},{"type":"Point","coordinates":[5710,5385],"properties":{"name":"Raurkela"}},{"type":"Point","coordinates":[1537,1327],"properties":{"name":"Kavaratti"}},{"type":"Point","coordinates":[3003,2025],"properties":{"name":"Mandya"}},{"type":"Point","coordinates":[3418,2221],"properties":{"name":"Kolar"}},{"type":"Point","coordinates":[2538,2498],"properties":{"name":"Shimoga"}},{"type":"Point","coordinates":[3152,3291],"properties":{"name":"Raichur"}},{"type":"Point","coordinates":[2816,2968],"properties":{"name":"Hospet"}},{"type":"Point","coordinates":[3207,3887],"properties":{"name":"Bidar"}},{"type":"Point","coordinates":[2200,3517],"properties":{"name":"Sangli"}},{"type":"Point","coordinates":[2948,4356],"properties":{"name":"Parbhani"}},{"type":"Point","coordinates":[2183,4804],"properties":{"name":"Malegaon"}},{"type":"Point","coordinates":[8415,1711],"properties":{"name":"Port Blair"}},{"type":"Point","coordinates":[8437,6916],"properties":{"name":"Tezpur"}},{"type":"Point","coordinates":[8434,6275],"properties":{"name":"Silchar"}},{"type":"Point","coordinates":[8888,6580],"properties":{"name":"Kohima"}},{"type":"Point","coordinates":[8122,6547],"properties":{"name":"Shillong"}},{"type":"Point","coordinates":[2103,8129],"properties":{"name":"Abohar"}},{"type":"Point","coordinates":[2820,8199],"properties":{"name":"Patiala"}},{"type":"Point","coordinates":[2221,6470],"properties":{"name":"Bhilwara"}},{"type":"Point","coordinates":[1774,6623],"properties":{"name":"Pali"}},{"type":"Point","coordinates":[2616,6748],"properties":{"name":"Tonk"}},{"type":"Point","coordinates":[2394,7256],"properties":{"name":"Sikar"}},{"type":"Point","coordinates":[1774,7402],"properties":{"name":"Bikaner"}},{"type":"Point","coordinates":[3201,7131],"properties":{"name":"Bharatpur"}},{"type":"Point","coordinates":[2895,7234],"properties":{"name":"Alwar"}},{"type":"Point","coordinates":[4331,6654],"properties":{"name":"Fatehpur"}},{"type":"Point","coordinates":[4800,6957],"properties":{"name":"Faizabad"}},{"type":"Point","coordinates":[4628,7260],"properties":{"name":"Bahraich"}},{"type":"Point","coordinates":[4936,6399],"properties":{"name":"Mirzapur"}},{"type":"Point","coordinates":[3563,6506],"properties":{"name":"Jhansi"}},{"type":"Point","coordinates":[4024,7350],"properties":{"name":"Shahjahanpur"}},{"type":"Point","coordinates":[3723,7675],"properties":{"name":"Rampur"}},{"type":"Point","coordinates":[3858,7512],"properties":{"name":"Bareilly"}},{"type":"Point","coordinates":[3720,6969],"properties":{"name":"Etawah"}},{"type":"Point","coordinates":[3390,8199],"properties":{"name":"Dehra Dun"}},{"type":"Point","coordinates":[6908,5507],"properties":{"name":"Haora"}},{"type":"Point","coordinates":[7331,6864],"properties":{"name":"Alipur Duar"}},{"type":"Point","coordinates":[6815,5314],"properties":{"name":"Haldia"}},{"type":"Point","coordinates":[6973,5601],"properties":{"name":"Bhatpara"}},{"type":"Point","coordinates":[6504,5420],"properties":{"name":"Medinipur"}},{"type":"Point","coordinates":[6950,6947],"properties":{"name":"Siliguri"}},{"type":"Point","coordinates":[6617,6621],"properties":{"name":"Purnia"}},{"type":"Point","coordinates":[5898,6738],"properties":{"name":"Muzaffarpur"}},{"type":"Point","coordinates":[5556,6268],"properties":{"name":"Aurangabad"}},{"type":"Point","coordinates":[4796,5336],"properties":{"name":"Bilaspur"}},{"type":"Point","coordinates":[2733,5062],"properties":{"name":"Burhanpur"}},{"type":"Point","coordinates":[2616,5719],"properties":{"name":"Ujjain"}},{"type":"Point","coordinates":[2356,5775],"properties":{"name":"Ratlam"}},{"type":"Point","coordinates":[3629,5948],"properties":{"name":"Sagar"}},{"type":"Point","coordinates":[3766,2147],"properties":{"name":"Vellore"}},{"type":"Point","coordinates":[3749,1918],"properties":{"name":"Tiruvannamalai"}},{"type":"Point","coordinates":[3229,930],"properties":{"name":"Rajapalaiyam"}},{"type":"Point","coordinates":[3978,1730],"properties":{"name":"Cuddalore"}},{"type":"Point","coordinates":[3401,1462],"properties":{"name":"Karur"}},{"type":"Point","coordinates":[3960,2117],"properties":{"name":"Kanchipuram"}},{"type":"Point","coordinates":[3266,690],"properties":{"name":"Tirunelveli"}},{"type":"Point","coordinates":[3177,499],"properties":{"name":"Nagercoil"}},{"type":"Point","coordinates":[3766,1399],"properties":{"name":"Thanjavur"}},{"type":"Point","coordinates":[3852,1472],"properties":{"name":"Kumbakonam"}},{"type":"Point","coordinates":[3020,1243],"properties":{"name":"Valparai"}},{"type":"Point","coordinates":[3143,1507],"properties":{"name":"Tiruppur"}},{"type":"Point","coordinates":[1610,4754],"properties":{"name":"Daman"}},{"type":"Point","coordinates":[1634,4905],"properties":{"name":"Navsari"}},{"type":"Point","coordinates":[570,5740],"properties":{"name":"Bhuj"}},{"type":"Point","coordinates":[1364,5228],"properties":{"name":"Bhavnagar"}},{"type":"Point","coordinates":[1538,5757],"properties":{"name":"Gandhinagar"}},{"type":"Point","coordinates":[8717,7079],"properties":{"name":"Itanagar"}},{"type":"Point","coordinates":[8410,5900],"properties":{"name":"Aizawl"}},{"type":"Point","coordinates":[7917,5943],"properties":{"name":"Agartala"}},{"type":"Point","coordinates":[4823,3555],"properties":{"name":"Kakinada"}},{"type":"Point","coordinates":[3913,3917],"properties":{"name":"Warangal"}},{"type":"Point","coordinates":[5700,4373],"properties":{"name":"Brahmapur"}},{"type":"Point","coordinates":[2589,3509],"properties":{"name":"Bijapur"}},{"type":"Point","coordinates":[1705,4384],"properties":{"name":"Bhiwandi"}},{"type":"Point","coordinates":[2883,4053],"properties":{"name":"Latur"}},{"type":"Point","coordinates":[2260,4300],"properties":{"name":"Ahmednagar"}},{"type":"Point","coordinates":[3817,4599],"properties":{"name":"Chandrapur"}},{"type":"Point","coordinates":[3294,4940],"properties":{"name":"Amravati"}},{"type":"Point","coordinates":[2267,4922],"properties":{"name":"Dhule"}},{"type":"Point","coordinates":[9156,7212],"properties":{"name":"Dibrugarh"}},{"type":"Point","coordinates":[8831,6279],"properties":{"name":"Imphal"}},{"type":"Point","coordinates":[1911,6209],"properties":{"name":"Udaipur"}},{"type":"Point","coordinates":[5214,6957],"properties":{"name":"Gorakhpur"}},{"type":"Point","coordinates":[6748,5740],"properties":{"name":"Barddhaman"}},{"type":"Point","coordinates":[6976,5785],"properties":{"name":"Krishnanagar"}},{"type":"Point","coordinates":[5768,6279],"properties":{"name":"Gaya"}},{"type":"Point","coordinates":[522,5190],"properties":{"name":"Porbandar"}},{"type":"Point","coordinates":[4054,2676],"properties":{"name":"Nellore"}},{"type":"Point","coordinates":[3383,3159],"properties":{"name":"Kurnool"}},{"type":"Point","coordinates":[4211,3333],"properties":{"name":"Guntur"}},{"type":"Point","coordinates":[3065,2290],"properties":{"name":"Tumkur"}},{"type":"Point","coordinates":[2661,2686],"properties":{"name":"Davangere"}},{"type":"Point","coordinates":[3001,2923],"properties":{"name":"Bellary"}},{"type":"Point","coordinates":[2177,3171],"properties":{"name":"Belgaum"}},{"type":"Point","coordinates":[3417,721],"properties":{"name":"Tuticorin"}},{"type":"Point","coordinates":[3373,1264],"properties":{"name":"Dindigul"}},{"type":"Point","coordinates":[2954,8338],"properties":{"name":"Chandigarh"}},{"type":"Point","coordinates":[2293,9031],"properties":{"name":"Jammu"}},{"type":"Point","coordinates":[2653,3800],"properties":{"name":"Sholapur"}},{"type":"Point","coordinates":[2455,4574],"properties":{"name":"Aurangabad"}},{"type":"Point","coordinates":[1928,4610],"properties":{"name":"Nasik"}},{"type":"Point","coordinates":[8084,6746],"properties":{"name":"Dispur"}},{"type":"Point","coordinates":[2540,8552],"properties":{"name":"Jullundur"}},{"type":"Point","coordinates":[4686,6507],"properties":{"name":"Allahabad"}},{"type":"Point","coordinates":[3631,7685],"properties":{"name":"Moradabad"}},{"type":"Point","coordinates":[3169,7622],"properties":{"name":"Ghaziabad"}},{"type":"Point","coordinates":[3377,7104],"properties":{"name":"Agra"}},{"type":"Point","coordinates":[3393,7355],"properties":{"name":"Aligarh"}},{"type":"Point","coordinates":[3269,7740],"properties":{"name":"Meerut"}},{"type":"Point","coordinates":[6253,5932],"properties":{"name":"Dhanbad"}},{"type":"Point","coordinates":[3433,6777],"properties":{"name":"Gwalior"}},{"type":"Point","coordinates":[1722,5413],"properties":{"name":"Vadodara"}},{"type":"Point","coordinates":[908,5413],"properties":{"name":"Rajkot"}},{"type":"Point","coordinates":[3138,7543],"properties":{"name":"Faridabad"}},{"type":"Point","coordinates":[2282,9514],"properties":{"name":"Srinagar"}},{"type":"Point","coordinates":[4272,3400],"properties":{"name":"Vijayawada"}},{"type":"Point","coordinates":[3013,610],"properties":{"name":"Thiruvananthapuram"}},{"type":"Point","coordinates":[2764,1137],"properties":{"name":"Kochi"}},{"type":"Point","coordinates":[6073,4773],"properties":{"name":"Cuttack"}},{"type":"Point","coordinates":[2388,2996],"properties":{"name":"Hubli"}},{"type":"Point","coordinates":[2295,2140],"properties":{"name":"Mangalore"}},{"type":"Point","coordinates":[2913,1935],"properties":{"name":"Mysore"}},{"type":"Point","coordinates":[2969,3688],"properties":{"name":"Gulbarga"}},{"type":"Point","coordinates":[2079,3462],"properties":{"name":"Kolhapur"}},{"type":"Point","coordinates":[3133,4321],"properties":{"name":"Nanded"}},{"type":"Point","coordinates":[3034,4856],"properties":{"name":"Akola"}},{"type":"Point","coordinates":[8084,6752],"properties":{"name":"Guwahati"}},{"type":"Point","coordinates":[2644,8411],"properties":{"name":"Ludhiana"}},{"type":"Point","coordinates":[2631,6412],"properties":{"name":"Kota"}},{"type":"Point","coordinates":[1667,6798],"properties":{"name":"Jodhpur"}},{"type":"Point","coordinates":[4369,6994],"properties":{"name":"Lucknow"}},{"type":"Point","coordinates":[3219,8077],"properties":{"name":"Saharanpur"}},{"type":"Point","coordinates":[5880,5782],"properties":{"name":"Ranchi"}},{"type":"Point","coordinates":[6446,6428],"properties":{"name":"Bhagalpur"}},{"type":"Point","coordinates":[4616,5040],"properties":{"name":"Raipur"}},{"type":"Point","coordinates":[4041,5714],"properties":{"name":"Jabalpur"}},{"type":"Point","coordinates":[2641,5554],"properties":{"name":"Indore"}},{"type":"Point","coordinates":[3999,1804],"properties":{"name":"Pondicherry"}},{"type":"Point","coordinates":[3433,1713],"properties":{"name":"Salem"}},{"type":"Point","coordinates":[3608,1414],"properties":{"name":"Tiruchirappalli"}},{"type":"Point","coordinates":[2609,1567],"properties":{"name":"Kozhikode"}},{"type":"Point","coordinates":[6050,4704],"properties":{"name":"Bhubaneshwar"}},{"type":"Point","coordinates":[6177,5579],"properties":{"name":"Jamshedpur"}},{"type":"Point","coordinates":[5187,3820],"properties":{"name":"Vishakhapatnam"}},{"type":"Point","coordinates":[2301,8658],"properties":{"name":"Amritsar"}},{"type":"Point","coordinates":[5083,6464],"properties":{"name":"Varanasi"}},{"type":"Point","coordinates":[6446,5891],"properties":{"name":"Asansol"}},{"type":"Point","coordinates":[4547,5033],"properties":{"name":"Bhilai"}},{"type":"Point","coordinates":[3170,5740],"properties":{"name":"Bhopal"}},{"type":"Point","coordinates":[3413,1104],"properties":{"name":"Madurai"}},{"type":"Point","coordinates":[3013,1480],"properties":{"name":"Coimbatore"}},{"type":"Point","coordinates":[3108,7625],"properties":{"name":"Delhi"}},{"type":"Point","coordinates":[3536,3706],"properties":{"name":"Hyderabad"}},{"type":"Point","coordinates":[1952,4099],"properties":{"name":"Pune"}},{"type":"Point","coordinates":[3745,5017],"properties":{"name":"Nagpur"}},{"type":"Point","coordinates":[2622,7017],"properties":{"name":"Jaipur"}},{"type":"Point","coordinates":[4166,6857],"properties":{"name":"Kanpur"}},{"type":"Point","coordinates":[5812,6566],"properties":{"name":"Patna"}},{"type":"Point","coordinates":[4152,2207],"properties":{"name":"Chennai"}},{"type":"Point","coordinates":[1517,5664],"properties":{"name":"Ahmedabad"}},{"type":"Point","coordinates":[1606,5027],"properties":{"name":"Surat"}},{"type":"Point","coordinates":[3099,7600],"properties":{"name":"New Delhi"}},{"type":"Point","coordinates":[3221,2165],"properties":{"name":"Bangalore"}},{"type":"Point","coordinates":[1612,4268],"properties":{"name":"Mumbai"}},{"type":"Point","coordinates":[6905,5478],"properties":{"name":"Kolkata"}}]}},"arcs":[[[8363,1406],[1,-6],[0,-13],[4,-9],[-1,-11],[-7,-8],[-4,-4],[-4,-3],[-4,-5],[1,-10],[5,-1],[6,-3],[-9,-11],[-4,-8],[-8,-6],[-11,3],[-6,5],[-7,5],[-7,0],[-5,-6],[-8,0],[-2,5],[8,11],[4,11],[1,8],[-3,6],[-6,6],[-4,3],[0,16],[0,11],[-1,9],[0,3],[4,-1],[7,3],[3,3],[2,9],[2,9],[19,12],[15,4],[7,-8],[6,-8],[1,-12],[5,-9]],[[8385,1604],[-4,0],[-5,1],[-3,2],[-3,2],[-3,2],[1,8],[1,1],[3,2],[5,1],[2,1],[3,5],[-1,6],[-3,10],[3,11],[6,0],[7,-6],[6,-8],[2,-5],[-2,-4],[-4,-4],[-1,-6],[3,-5],[4,-3],[1,-2],[-6,-5],[-3,-1],[-9,-3]],[[8257,1664],[-7,-1],[-6,4],[-2,13],[-4,5],[0,2],[4,0],[9,-1],[4,-2],[4,-2],[3,-7],[-1,-7],[-4,-4]],[[8528,1792],[-5,-1],[-5,5],[-3,7],[-1,3],[-3,2],[-5,1],[-4,2],[-3,3],[-2,3],[-2,3],[-5,0],[-2,3],[3,7],[5,7],[3,3],[12,0],[3,-2],[-2,-6],[8,-16],[0,-3],[2,-2],[6,-19]],[[8541,1862],[-3,-3],[-3,1],[-4,5],[-3,6],[-2,4],[0,5],[1,7],[1,6],[3,4],[3,1],[3,0],[2,-2],[2,-3],[0,-1],[0,-1],[0,-1],[-2,-8],[-1,-2],[3,-11],[0,-7]],[[8804,1920],[-6,-2],[-1,3],[3,4],[4,-5]],[[8401,2107],[-4,-3],[-4,25],[1,4],[1,4],[3,19],[-1,5],[4,5],[3,3],[2,2],[3,0],[2,-1],[1,-2],[2,-1],[0,-2],[2,-4],[-2,-5],[-1,-18],[-2,-8],[-2,-3],[-5,-6],[-2,-3],[-1,-4],[1,-4],[-1,-3]],[[8947,2322],[-5,-1],[-4,3],[6,5],[3,-7]],[[8511,2372],[2,0],[3,1],[4,0],[3,-1],[5,-10],[-3,-12],[-1,-11],[2,-23],[2,1],[4,1],[1,0],[0,-5],[-8,-5],[-1,-5],[-2,-4],[-5,-3],[-5,-3],[-5,-3],[0,6],[-3,3],[-4,0],[-2,-4],[1,-6],[3,-4],[5,-2],[7,2],[4,-3],[6,-9],[8,-5],[1,-3],[-8,-12],[-1,-10],[0,-22],[-2,-10],[-4,-15],[-6,-10],[-7,4],[-3,0],[-1,-4],[-2,-1],[-3,0],[-3,3],[-1,4],[2,8],[-1,4],[-2,0],[0,-7],[-7,1],[-3,-6],[0,-8],[2,-5],[6,-6],[2,-5],[-2,-3],[-3,-6],[-2,0],[-1,6],[-2,3],[-4,1],[-4,0],[-1,-3],[-7,-15],[-1,-3],[-1,-2],[1,-2],[2,-3],[4,-1],[3,2],[4,5],[3,-2],[1,-3],[1,-3],[1,-1],[2,-2],[8,-8],[-1,-6],[2,-8],[1,-8],[-4,-7],[6,-6],[3,-7],[2,-7],[0,-8],[-4,-16],[-2,-10],[6,-12],[1,-9],[-1,-16],[-3,-5],[-5,-5],[-3,-5],[5,-3],[-3,-5],[-5,-3],[-3,-3],[-1,-6],[-3,0],[-1,4],[-3,3],[-3,3],[-4,2],[0,-2],[2,-5],[-10,-1],[-9,1],[0,-2],[3,-4],[3,-11],[3,-2],[3,-1],[4,-3],[3,-4],[0,-4],[5,-2],[-1,-2],[-3,-2],[-3,-1],[-3,-3],[-2,-1],[-1,0],[1,-3],[2,-3],[2,-2],[3,-3],[0,-4],[-2,-3],[-3,-3],[-2,-3],[1,-4],[2,-3],[1,-3],[0,-4],[0,-1],[-7,0],[1,-6],[-4,-4],[-7,-6],[-5,-5],[2,-5],[0,-3],[-3,-1],[-7,-4],[1,-3],[-3,-2],[-5,-1],[-5,-1],[-4,-2],[3,-6],[9,-8],[-4,0],[-4,0],[-2,-2],[-2,-3],[2,0],[-6,-9],[-2,-5],[-1,-8],[0,-28],[2,0],[2,11],[1,7],[3,3],[5,0],[4,-2],[3,-4],[1,-8],[-1,-12],[-12,-54],[-2,-3],[-7,-1],[-4,-2],[-11,-11],[-2,-4],[-1,-4],[0,-8],[2,-1],[3,0],[3,1],[2,2],[0,14],[1,-1],[4,-1],[2,-1],[-1,7],[2,4],[4,0],[4,-4],[1,-3],[1,-12],[0,-4],[-1,-3],[-5,-4],[-1,-3],[0,-11],[-3,-12],[-3,-6],[-3,-4],[-1,5],[-3,1],[-2,0],[-3,1],[-11,11],[-1,4],[0,3],[0,3],[-4,1],[-4,2],[-2,4],[-2,5],[0,3],[2,3],[4,0],[2,1],[1,3],[-2,3],[-4,0],[-3,2],[-2,4],[-1,4],[-1,6],[-1,4],[-1,5],[-3,1],[-3,-2],[-2,0],[-6,4],[-1,5],[2,16],[0,14],[-1,2],[-3,2],[-3,1],[-4,2],[-1,-1],[-1,0],[-1,2],[0,2],[1,2],[1,1],[1,0],[2,10],[8,13],[3,1],[2,-2],[5,-8],[1,-2],[2,-1],[5,1],[-3,-6],[2,-4],[2,-2],[1,3],[1,20],[2,4],[-1,6],[-1,5],[-1,5],[1,5],[5,8],[1,4],[0,34],[1,7],[8,16],[5,6],[3,-4],[2,0],[2,6],[3,3],[3,-2],[1,-8],[-1,-7],[0,-3],[3,-1],[2,0],[0,1],[1,1],[1,1],[7,0],[1,0],[7,3],[1,2],[2,4],[-4,14],[-2,1],[-3,2],[-2,2],[-1,1],[0,4],[1,0],[1,-1],[6,2],[3,0],[1,1],[0,5],[-2,3],[-3,2],[-8,0],[-7,3],[-4,6],[-2,9],[1,82],[2,5],[6,7],[2,4],[2,2],[2,0],[5,1],[1,0],[2,4],[-3,2],[-3,1],[-4,1],[-3,6],[-1,24],[-2,16],[1,4],[3,3],[3,3],[2,3],[7,-2],[5,6],[3,10],[2,7],[0,18],[5,10],[2,5],[-1,3],[-8,4],[0,8],[7,21],[7,11],[1,2],[1,2],[-1,2],[-5,5],[-1,2],[4,5],[-1,7],[0,7],[7,3],[0,3],[-5,15],[2,6],[0,2],[-5,5],[2,7],[14,17],[2,2],[1,4],[0,4],[0,8],[0,3],[2,5],[1,-1],[4,3],[7,9],[2,3],[1,4],[0,5],[1,3],[3,2],[7,1],[2,2],[3,-3],[2,-1],[2,0],[3,1],[-2,2],[-1,2],[1,3],[2,3],[1,-4]],[[8520,2405],[4,-8],[-12,4],[-6,2],[-4,4],[10,4],[5,0],[2,-4],[1,-2]],[[1681,526],[-4,-2],[-4,-1],[-3,2],[-1,6],[3,0],[-1,-4],[1,-1],[6,3],[5,4],[3,6],[2,6],[1,1],[1,-1],[0,-1],[0,-1],[-6,-13],[-3,-4]],[[1879,1153],[-1,-2],[0,4],[0,3],[2,4],[2,2],[0,-1],[1,-2],[-1,-3],[-1,-3],[-2,-2]],[[1886,1182],[1,0],[1,0],[-1,-1],[0,-1],[-1,1],[0,1]],[[1534,1324],[2,2],[5,5],[1,0],[0,-1],[0,-1],[-4,-3],[-2,-1],[-2,-1]],[[1507,1402],[-3,-2],[0,1],[1,1],[1,0],[1,0]],[[1896,1419],[-3,-1],[-1,0],[-1,1],[0,1],[4,-1],[1,0]],[[1384,1422],[-6,-9],[0,7],[3,7],[2,3],[1,2],[2,3],[2,2],[0,-5],[-4,-10]],[[1574,1517],[-2,0],[0,2],[1,0],[1,1],[2,1],[-1,-2],[0,-1],[-1,-1]],[[1585,1544],[-2,5],[0,1],[1,7],[5,13],[3,0],[0,-1],[-1,-1],[-1,-1],[-1,-2],[0,-5],[-1,-6],[-3,-10]],[[1664,1648],[-1,-2],[0,3],[0,3],[1,2],[2,0],[-1,-4],[-1,-2]],[[1559,1718],[2,2],[1,1],[2,0],[-2,-2],[-1,-1],[-2,0]],[[8798,162],[4,-4],[2,-7],[2,-6],[1,-7],[1,-14],[1,-5],[6,-10],[3,-9],[3,-4],[3,-4],[0,-18],[-3,-9],[-10,-20],[-1,-12],[1,-3],[2,-2],[2,-3],[0,-4],[-2,-1],[-3,-1],[-3,0],[-3,1],[-4,0],[-4,-7],[-5,-13],[-7,2],[-1,6],[1,6],[0,7],[-3,3],[-4,3],[-3,4],[3,5],[-3,3],[-3,3],[-1,4],[2,4],[-3,1],[-1,3],[-1,3],[1,5],[-6,-1],[-4,7],[-3,10],[-4,7],[-5,5],[-6,5],[-7,2],[-5,-4],[0,37],[1,4],[8,17],[3,1],[8,0],[3,1],[3,3],[2,2],[1,1],[2,1],[9,4],[2,-2],[9,8],[5,2],[6,-2],[8,-8]],[[8726,178],[-5,-2],[-4,2],[0,3],[0,3],[-1,4],[-1,2],[-6,7],[4,5],[2,7],[2,7],[7,3],[10,2],[4,6],[2,8],[4,8],[0,-10],[1,-6],[3,-4],[5,-2],[3,-5],[1,-6],[-2,-5],[-4,-4],[-7,-4],[-6,-5],[-12,-14]],[[8654,420],[9,-15],[0,-4],[-1,-7],[-1,-4],[-2,1],[-4,4],[-5,3],[-2,0],[-5,0],[-4,-2],[-4,-2],[-3,0],[-5,1],[-3,3],[-2,3],[0,4],[3,5],[-3,2],[-2,-2],[-4,-1],[-3,2],[-2,3],[-1,4],[3,14],[3,5],[8,3],[8,2],[8,-1],[1,-3],[0,-3],[0,-7],[2,-3],[8,-3],[2,-2],[1,0]],[[8699,436],[2,-4],[1,-7],[0,-15],[-19,14],[-3,5],[1,5],[3,3],[6,-1],[1,5],[2,2],[4,-2],[2,-5]],[[8685,469],[5,-13],[0,-4],[-2,-4],[-2,-1],[-4,-2],[-1,-1],[-1,-2],[-5,-8],[-4,-1],[-1,4],[-1,10],[1,3],[3,1],[2,2],[1,4],[3,0],[3,-2],[1,3],[-2,4],[-5,2],[-2,-6],[-4,0],[-5,4],[-3,5],[-3,22],[0,4],[2,2],[4,5],[3,5],[1,4],[3,3],[6,3],[7,-1],[3,-4],[-1,-7],[-3,-5],[-4,-4],[-1,-7],[1,-6],[5,-12]],[[8566,510],[-3,-3],[-5,0],[-10,3],[-7,3],[-7,7],[-6,9],[-2,8],[1,10],[1,6],[2,3],[4,4],[4,-1],[2,-3],[0,-16],[1,-8],[4,-7],[7,-6],[9,-4],[4,-2],[1,-3]],[[8714,588],[-3,0],[0,4],[2,14],[1,6],[-5,12],[0,6],[5,4],[0,-8],[4,-9],[2,-5],[1,-7],[-1,-4],[-3,-7],[-3,-6]],[[8448,834],[-11,-12],[-23,7],[-4,6],[-3,9],[-1,10],[2,4],[5,1],[5,4],[4,6],[-2,5],[5,1],[3,-1],[8,-7],[5,-3],[8,-10],[-1,-20]],[[4389,3131],[-9,-3],[-9,5],[-17,20],[4,10],[3,2],[17,-10],[10,-8],[5,-5],[2,-4],[-1,-3],[-5,-4]],[[7105,5142],[-4,-1],[-5,0],[-6,-2],[-8,3],[-3,16],[4,13],[10,-7],[6,-2],[4,-3],[3,-5],[1,-6],[-2,-6]],[[6842,5176],[-3,-1],[-4,0],[-9,3],[-10,1],[-4,1],[-3,6],[0,3],[1,5],[2,8],[13,36],[10,18],[10,4],[7,-37],[-1,-21],[-11,-7],[4,-9],[1,-5],[-3,-5]],[[7017,5250],[-1,-19],[-4,2],[-12,4],[-3,0],[0,3],[-2,5],[0,3],[0,2],[5,10],[6,9],[6,9],[5,2],[5,-2],[2,-5],[-1,-6],[-4,-9],[-2,-8]],[[6831,5257],[-9,-5],[-3,3],[0,6],[1,6],[1,5],[3,6],[3,5],[4,4],[4,-1],[5,-9],[-3,-11],[-6,-9]],[[3324,9978],[9,-2],[10,4],[15,14],[10,4],[20,-1],[4,-13],[-6,-19],[-10,-18],[-3,-27],[12,-26],[32,-49],[3,-12],[3,-27],[5,-12],[14,-14],[3,-7],[21,-65],[8,-12],[13,-11],[15,-5],[78,-12],[20,-7],[29,-19],[18,-19],[13,-7],[16,-3],[12,-5],[10,-8],[2,-3],[7,-11],[3,-8],[1,-8],[-1,-8],[-3,-8],[-25,-21],[-34,-12],[-26,-15],[-3,-30],[17,-42],[6,-22],[2,-23],[-4,-66],[7,-20],[8,-12],[31,-26],[1,0],[19,-27],[5,-2],[13,-4],[6,-2],[5,-3],[5,-5],[1,-6],[1,-8],[3,-2],[12,4],[10,0],[26,-13],[12,-3],[28,-1],[11,-5],[1,-13],[-3,-5],[-7,-10],[-2,-6],[-2,-19],[-2,-6],[0,-13],[7,-10],[20,-15],[7,-11],[2,-10],[3,-10],[10,-9],[8,-8],[2,-12],[-4,-12],[-6,-12],[-14,-15],[-34,-23],[-15,-14],[-6,-2],[-7,2],[-7,3],[-7,1],[-8,-1],[-10,-3],[-10,-3],[-7,-5],[-3,-8],[-4,-20],[-5,-7],[-4,0],[-9,2],[-4,0],[-4,-1],[-9,-4],[-4,0],[-12,-6],[-11,3],[-10,8],[-9,8],[-28,21],[-6,12],[-6,18],[-1,5],[2,6],[3,6],[1,6],[-5,6],[-8,3],[-7,-3],[-10,-11],[-6,-4],[-6,-3],[-14,-3],[-48,-1],[-14,-3],[-8,-4],[-1,-7],[10,-17],[13,-18],[1,-3],[-1,-2],[-2,-2],[-2,-3],[-1,-5],[1,-2],[1,-1],[8,-32],[-1,-8],[-1,-6],[0,-4],[4,-1],[3,-1],[12,-6],[8,-9],[5,-11],[34,-40],[10,-6],[15,-8],[4,-4],[3,-7],[-1,-6],[-7,-15],[-2,-7],[-3,-15],[-2,-6],[-9,-12],[-1,-6],[9,-8],[-1,-3],[0,-4],[0,-3],[1,-3],[5,-4],[2,-6],[2,-3],[3,-2],[3,0],[6,0],[13,-12],[8,-9],[-2,-4],[-6,-6],[-33,-24],[-2,-7],[13,-7],[10,-8],[0,-12],[-5,-13],[-3,-13],[1,-6],[2,-4],[2,-2],[11,-5],[4,0],[9,2],[9,-1],[5,0],[5,3],[4,4],[4,5],[6,10],[5,-2],[9,-8],[6,-2],[4,8],[2,16],[7,13],[16,3],[5,-2],[10,-8],[11,-6],[2,-5],[2,-5],[3,-5],[3,-1],[7,-1],[2,-1],[2,-4],[-1,-3],[-1,-3],[0,-4],[1,-3],[6,-4],[2,-2],[0,-3],[-1,-3],[0,-3],[1,-4],[5,-3],[6,-2],[5,-2],[2,-8],[0,-6],[1,-6],[2,-6],[5,-5],[9,-4],[9,-2],[8,-4],[4,-6],[2,-3],[2,-11],[2,-5],[5,-1],[5,1],[5,0],[6,-1],[5,-2],[1,-1],[1,-2],[1,-2],[1,-2],[3,-5],[5,-5],[6,-4],[5,-2],[7,-2],[4,-1],[4,0],[14,8],[7,1],[13,1],[18,4],[7,-1],[25,-5],[6,-3],[4,-4],[6,-10],[8,-8],[4,-2],[1,-1],[6,-3],[24,-9],[8,-6],[5,-8],[6,-8],[11,-3],[5,1],[11,5],[6,0],[4,-3],[9,-13],[10,-4],[2,-4],[-8,-13],[-3,-2],[-2,0],[-4,0],[-3,-1],[-2,-1],[0,-5],[4,-4],[4,-4],[3,-4],[2,-7],[-2,-5],[-4,-5],[-3,-6],[13,2],[12,0],[25,-7],[34,-17],[18,-6],[11,-6],[6,-1],[6,1],[6,1],[5,0],[7,-2],[34,-17],[9,-6],[5,-5],[6,-11],[4,-5],[5,-4],[30,-11],[26,-7],[11,-5],[7,-10],[2,-5],[-2,-5],[-3,0],[-23,-7],[-6,1],[-3,6],[-4,4],[-5,-3],[-6,-6],[-5,-5],[5,-9],[-7,-9],[-21,-14],[-4,-4],[-11,-15],[-3,-3],[-12,-8],[-9,-7],[-5,-2],[-6,-2],[-12,-2],[-6,-2],[-2,-6],[-5,-13],[-8,-11],[-17,-19],[-7,-6],[-21,-4],[-9,-7],[-5,-10],[0,-8],[3,-9],[5,-9],[3,-10],[0,-7],[-4,-7],[-8,-8],[-2,-1],[-4,-2],[-2,-2],[-1,-2],[0,-2],[1,-2],[0,-2],[-3,-3],[-2,-3],[-7,-4],[0,-1],[-4,-3],[-3,-2],[-2,-2],[-1,-5],[-2,-3],[-10,-3],[-4,-2],[-1,-7],[3,-5],[7,-12],[2,-14],[2,-3],[3,-1],[3,0],[3,-2],[1,-6],[-2,-8],[-7,-23],[-3,1],[-4,3],[-6,-1],[-2,-5],[6,-15],[1,-5],[-5,-5],[-6,-1],[-7,0],[-6,0],[-11,-4],[-6,-13],[-3,-16],[1,-11],[-3,-6],[-5,-4],[-6,-2],[-5,-4],[-4,-6],[-2,-6],[-1,-6],[-1,-7],[2,-14],[7,-5],[6,-1],[3,0],[11,-6],[11,-14],[5,-3],[7,-2],[12,-2],[6,-4],[2,-2],[3,-5],[3,-3],[3,-1],[6,-2],[3,-1],[9,-18],[4,-4],[7,-3],[6,1],[7,2],[7,-1],[6,-3],[14,-15],[7,-4],[2,5],[-3,22],[1,6],[3,5],[7,3],[6,0],[7,0],[1,-2],[0,-3],[0,-4],[2,-2],[6,-3],[6,-2],[12,-2],[5,-3],[7,-11],[3,-4],[6,-3],[11,-3],[5,-3],[13,-12],[6,-3],[7,-2],[14,0],[4,-2],[3,-5],[1,-5],[1,-5],[7,-4],[5,-2],[7,-1],[7,0],[5,2],[4,-2],[1,-4],[1,-5],[2,-3],[16,-3],[34,-6],[8,-4],[7,-8],[7,-20],[5,-10],[20,-21],[4,-8],[-5,-2],[-1,-3],[2,-3],[6,-1],[-1,-5],[3,-1],[6,1],[5,2],[3,4],[1,4],[3,3],[5,1],[8,-2],[7,-5],[6,-6],[5,-7],[1,-5],[1,-3],[1,-3],[5,-4],[30,-14],[7,-5],[5,-6],[7,-5],[17,-4],[8,-2],[7,-6],[14,-13],[17,-9],[9,-6],[10,-5],[9,-1],[8,5],[14,15],[10,4],[18,-2],[8,-2],[7,-6],[6,-6],[6,-3],[15,-5],[41,-31],[26,-12],[19,-17],[13,-3],[29,3],[44,10],[7,-3],[2,-1],[6,-8],[4,-14],[3,-26],[4,-13],[8,-8],[42,-3],[9,-2],[16,-8],[21,-5],[42,0],[13,-4],[17,-13],[4,-5],[4,-6],[2,-5],[3,-4],[8,-2],[8,0],[7,4],[5,5],[8,10],[2,4],[1,5],[-6,6],[0,4],[0,4],[2,4],[9,2],[32,0],[38,-4],[25,-9],[47,-23],[16,-5],[2,-2],[2,3],[2,1],[4,2],[0,3],[-1,3],[-1,3],[-10,10],[-3,6],[7,2],[16,1],[7,2],[5,-1],[14,-2],[10,0],[8,5],[17,19],[7,3],[6,-2],[1,-6],[4,-3],[3,-2],[9,-3],[3,-3],[3,-9],[4,0],[10,1],[5,-3],[3,-7],[6,-8],[8,-4],[98,-17],[10,-6],[9,-12],[6,-12],[3,-13],[1,-14],[-2,-14],[-4,-7],[-4,-8],[-4,-8],[2,-7],[5,-3],[41,-10],[4,0],[5,3],[5,2],[6,-1],[3,-6],[8,-4],[17,-6],[8,-4],[5,-6],[2,-7],[3,-7],[8,-3],[4,-2],[4,0],[6,-3],[0,-5],[0,-5],[9,0],[19,6],[8,1],[13,-5],[2,-10],[0,-12],[10,-10],[31,-8],[5,1],[12,3],[6,4],[1,0],[4,6],[6,4],[6,0],[6,-2],[6,2],[13,6],[15,7],[27,10],[4,-1],[26,-14],[5,-5],[3,-12],[-3,-25],[4,-13],[5,-5],[18,-14],[3,0],[4,1],[3,1],[3,-2],[0,-3],[1,-3],[0,-3],[3,-2],[5,1],[7,4],[24,18],[6,3],[8,1],[12,4],[10,-3],[24,-14],[2,-1],[2,-1],[8,0],[2,0],[6,-1],[2,-2],[2,-1],[2,-2],[3,0],[3,0],[7,5],[13,4],[8,1],[5,-1],[3,-3],[0,-4],[2,-3],[3,0],[7,1],[3,0],[11,-4],[20,-10],[11,-4],[7,-1],[5,-3],[5,-4],[4,-5],[7,-4],[23,-9],[24,-13],[6,-2],[4,3],[2,4],[3,3],[5,1],[12,-4],[3,-1],[8,2],[9,5],[6,7],[4,8],[11,6],[9,3],[13,4],[4,3],[11,10],[5,4],[4,0],[1,-7],[0,-6],[4,-17],[3,-10],[6,-12],[8,-9],[10,-4],[18,2],[10,3],[4,-3],[2,-6],[3,-4],[5,-3],[14,-6],[5,0],[4,3],[6,12],[4,5],[10,6],[11,3],[11,0],[11,-2],[24,-12],[12,-3],[13,5],[8,6],[4,2],[8,3],[5,-3],[5,-4],[5,-1],[5,3],[3,5],[2,7],[5,2],[5,-2],[7,-3],[6,0],[10,8],[6,2],[0,-2],[9,-6],[2,-3],[2,-6],[2,-3],[5,-4],[11,-6],[5,-4],[11,1],[13,12],[10,17],[3,14],[-1,5],[0,3],[2,8],[5,14],[16,28],[6,15],[1,7],[0,7],[0,6],[-3,14],[-1,15],[-2,6],[-2,6],[-8,10],[-3,6],[-5,12],[-7,11],[-7,9],[-5,4],[-5,2],[-6,4],[-6,12],[-6,5],[-1,3],[-1,2],[1,3],[5,10],[1,25],[5,11],[9,17],[2,8],[-1,4],[-4,7],[-2,4],[0,4],[1,4],[2,8],[2,2],[2,2],[1,2],[1,3],[-1,2],[-3,3],[-1,1],[-1,7],[-1,3],[1,4],[8,18],[22,32],[8,29],[5,9],[3,9],[-1,14],[4,7],[-1,4],[-3,2],[-4,1],[-9,2],[-4,7],[-3,8],[1,9],[5,6],[4,1],[8,-1],[4,0],[4,1],[8,3],[62,9],[7,4],[20,13],[6,1],[9,-2],[6,3],[4,7],[8,7],[14,10],[6,-1],[7,-7],[7,-5],[20,-3],[8,-2],[16,-9],[7,-7],[5,-5],[1,-6],[-3,-12],[0,-5],[3,-5],[8,-8],[3,-5],[1,-6],[0,-6],[-17,-65],[-7,-12],[-6,-12],[-6,-9],[-3,-5],[0,-5],[6,-7],[0,-6],[-1,-11],[2,-10],[4,-9],[8,-8],[4,-3],[4,-1],[4,-2],[7,-9],[5,-4],[9,-5],[-3,-11],[-3,-2],[-5,-3],[-20,-5],[-9,-5],[-7,-10],[-6,-12],[-3,-10],[2,0],[3,-3],[21,-10],[8,-5],[4,-8],[2,-9],[0,-19],[2,-17],[5,6],[7,6],[7,0],[6,-6],[1,-5],[-1,-3],[0,-4],[3,-3],[3,-2],[4,-1],[4,1],[3,3],[8,0],[8,-4],[8,-5],[6,-5],[4,-9],[3,-7],[5,-5],[11,-3],[19,-1],[10,1],[9,2],[4,3],[4,3],[3,3],[5,0],[5,0],[14,3],[9,-6],[13,-8],[12,-6],[22,3],[14,-3],[13,-4],[9,-7],[1,-6],[-6,-9],[5,-3],[6,0],[12,4],[7,0],[19,-7],[5,-1],[2,0],[14,0],[1,-1],[3,-1],[2,0],[1,2],[1,2],[1,2],[0,1],[0,1],[0,1],[1,2],[2,1],[1,0],[3,-2],[1,0],[3,-1],[7,-2],[4,0],[7,0],[22,6],[39,3],[13,3],[8,7],[9,21],[11,7],[6,1],[13,-1],[6,2],[6,4],[5,4],[5,4],[6,2],[12,-2],[32,-20],[38,-19],[44,-4],[78,4],[22,1],[2,1],[17,7],[10,0],[12,-1],[24,0],[12,-2],[10,-6],[5,-2],[7,0],[5,2],[6,2],[6,3],[4,4],[4,7],[3,6],[3,6],[6,3],[5,1],[14,-1],[5,-1],[3,-4],[8,-16],[4,-4],[7,1],[12,4],[6,0],[16,-4],[5,0],[17,2],[10,4],[21,13],[11,2],[6,-4],[2,-5],[1,-5],[4,-5],[5,-1],[3,4],[-1,6],[-4,5],[8,3],[0,5],[-1,5],[5,1],[6,-2],[11,-9],[6,-2],[21,2],[12,12],[3,12],[1,5],[-6,20],[-6,11],[-17,16],[-4,11],[0,6],[1,7],[2,6],[3,5],[0,1],[1,1],[5,5],[2,2],[1,3],[1,7],[1,3],[5,5],[10,9],[3,6],[-1,4],[-30,50],[-8,8],[-4,-1],[-10,-7],[-5,-1],[-12,0],[-9,-1],[-27,-8],[-10,-1],[-2,2],[0,6],[-6,7],[-7,3],[-9,1],[-8,3],[-5,5],[-3,6],[-10,7],[-3,5],[-8,25],[3,14],[16,20],[2,15],[48,2],[14,-4],[12,-6],[5,-2],[15,0],[15,-2],[8,1],[13,5],[19,18],[13,6],[7,1],[28,-3],[4,1],[3,1],[2,3],[-1,4],[-1,3],[0,3],[3,6],[4,-1],[3,-5],[6,-13],[4,-6],[5,-3],[5,6],[4,11],[2,-1],[2,-5],[3,-5],[6,0],[3,6],[2,8],[4,5],[4,-1],[4,-9],[4,-3],[4,1],[12,8],[17,5],[5,3],[9,9],[4,2],[8,2],[10,3],[11,8],[9,10],[1,10],[3,10],[0,5],[-4,3],[-12,2],[-5,2],[0,5],[6,11],[8,10],[10,8],[21,12],[3,2],[1,-2],[1,-3],[2,-1],[5,0],[5,0],[5,1],[5,3],[6,5],[8,11],[5,4],[6,4],[13,4],[5,4],[9,9],[32,20],[8,8],[6,12],[5,13],[2,12],[11,8],[11,8],[15,7],[18,15],[13,7],[31,16],[37,3],[18,-3],[7,0],[6,3],[5,5],[6,3],[5,-1],[5,-3],[6,2],[24,19],[5,3],[20,5],[3,3],[1,3],[3,1],[5,0],[3,1],[1,3],[-1,2],[-1,2],[0,3],[4,2],[7,2],[7,0],[5,-1],[6,3],[7,3],[5,4],[18,7],[19,5],[13,11],[27,1],[14,16],[19,16],[-13,12],[-13,14],[5,17],[13,-1],[4,1],[3,4],[6,9],[4,4],[8,3],[8,2],[18,0],[8,1],[6,2],[5,4],[18,25],[6,5],[11,1],[13,-5],[12,-8],[18,-18],[4,-6],[-3,-14],[6,-3],[7,0],[6,1],[13,1],[13,-4],[25,-10],[8,-2],[-2,3],[-6,6],[-3,6],[6,-3],[5,-2],[20,-5],[18,-9],[6,-2],[26,-4],[2,-1],[3,-1],[2,-3],[0,-3],[1,-3],[3,-2],[19,-2],[-2,21],[11,8],[22,1],[13,-3],[5,16],[7,3],[1,-13],[7,-9],[3,5],[12,-2],[4,2],[0,9],[-4,12],[1,4],[12,1],[1,3],[0,4],[1,3],[3,2],[3,0],[3,1],[4,0],[18,-7],[25,-4],[10,20],[-1,23],[11,2],[6,2],[23,-10],[31,12],[21,2],[21,2],[23,0],[3,-5],[5,-18],[4,-6],[10,-10],[10,-6],[11,1],[12,6],[7,5],[5,2],[4,-2],[6,-6],[0,-5],[-9,-11],[-5,-11],[-3,-3],[-37,-9],[-5,-3],[-4,-5],[-3,-5],[7,-28],[29,17],[25,7],[5,-21],[31,-14],[-2,-5],[0,-4],[3,-2],[5,-1],[6,-5],[3,-6],[3,-15],[5,-8],[18,-19],[5,-18],[2,-16],[-33,-23],[-23,-12],[11,-16],[-14,-16],[12,-10],[12,-24],[6,3],[1,21],[4,15],[10,18],[19,9],[29,-7],[25,-25],[24,-14],[15,-17],[5,-26],[12,-6],[11,-2],[11,2],[12,7],[15,6],[13,-3],[23,-18],[4,-1],[3,0],[3,-1],[3,-9],[3,-3],[19,-13],[13,-7],[2,-9],[-10,-21],[-2,-12],[4,-9],[17,-16],[3,-10],[-2,-5],[-6,-10],[-2,-6],[1,-8],[0,-4],[-1,-2],[-7,-3],[-7,-3],[-2,2],[0,5],[-4,4],[-5,1],[-7,-1],[-6,-3],[-4,-4],[-5,-5],[-5,-6],[-17,-14],[-3,-2],[-4,-1],[-2,-1],[-3,-5],[-2,-2],[-7,-2],[-2,-2],[-1,-4],[-1,-4],[-1,-1],[-2,0],[-5,-2],[-11,-3],[-5,-2],[-11,-14],[-6,-5],[-14,-8],[-5,-5],[-5,-6],[-3,-7],[0,-7],[2,-3],[4,-6],[1,-3],[0,-3],[1,-7],[1,-3],[1,-5],[-5,-10],[2,-7],[8,-12],[56,-67],[9,-9],[2,-2],[0,-7],[1,-3],[3,-2],[3,-2],[3,-2],[2,-4],[-1,-3],[-3,-9],[-2,-2],[-4,-1],[-3,1],[-3,2],[-4,1],[-4,0],[-2,-1],[-4,-2],[-3,0],[-4,2],[-3,2],[-2,3],[-3,3],[-48,20],[-7,5],[-1,6],[4,6],[3,7],[-3,2],[-10,9],[-5,4],[-7,11],[-4,5],[-6,4],[-12,5],[-6,1],[-6,1],[-4,-2],[-6,-5],[-4,-2],[-4,0],[-2,1],[-2,1],[-3,2],[-10,2],[-4,-3],[-2,-6],[-7,-8],[-6,-2],[-7,-2],[-7,-1],[-5,2],[-23,1],[-91,-15],[-23,-9],[-21,-14],[-13,-16],[-13,-22],[-7,-10],[-10,-9],[-9,-4],[-19,-3],[-10,-4],[-14,-16],[-9,-14],[-4,-4],[-4,-2],[-16,-2],[-5,-2],[-4,-4],[-3,-8],[-5,-7],[-5,-3],[-7,0],[-8,1],[-14,-3],[-10,-12],[-7,-14],[-10,-12],[-7,-3],[-26,-8],[-12,-6],[-7,-2],[-4,1],[-3,0],[-5,7],[-7,-1],[-3,-2],[-5,-7],[-3,-2],[-3,-2],[-7,-2],[-4,-1],[-3,-3],[-1,-3],[-1,-10],[0,-2],[-1,-2],[-1,-4],[-4,-5],[-10,-11],[-5,-4],[-5,-7],[1,-5],[6,-12],[2,-6],[-1,-5],[-5,-12],[-2,-11],[-1,-14],[2,-14],[4,-10],[3,-3],[3,0],[2,-1],[3,-1],[1,-3],[-1,-3],[-3,-2],[-1,-3],[3,-24],[5,-3],[12,-4],[4,-4],[1,-8],[-4,-7],[-11,-12],[-14,-14],[-6,-4],[-13,-4],[-4,-3],[-2,-8],[0,-6],[7,-36],[0,-8],[-2,-6],[-3,-2],[-7,-1],[-3,-1],[-3,-3],[-31,-42],[-1,-1],[-4,-2],[-1,-1],[0,-2],[3,-3],[-1,-1],[-3,-2],[-7,0],[-3,-1],[-5,-6],[-8,-13],[-7,-5],[-6,-1],[-12,-2],[-6,-2],[-11,-7],[-4,-3],[-6,-7],[-8,-11],[-20,-52],[1,-15],[8,-10],[13,-5],[13,-2],[13,-6],[6,-9],[2,-15],[-2,-15],[-6,-10],[-6,-7],[-6,-30],[-5,-9],[-14,-18],[-2,-10],[0,-6],[-1,-7],[-3,-6],[-4,-4],[-5,-3],[-4,-1],[-4,1],[-5,-1],[-3,-6],[-7,-24],[-5,-8],[-15,-9],[-4,-4],[-3,-5],[-4,-17],[-5,-3],[-4,-3],[-3,-5],[0,-14],[-4,-4],[-4,-2],[-4,-4],[0,-2],[1,-6],[0,-3],[-2,-3],[-7,-5],[-3,-3],[-2,-5],[-1,-12],[-1,-6],[-17,-37],[-4,-13],[-1,-12],[-2,-6],[-3,-4],[-2,-4],[-2,-13],[-1,-5],[-16,-20],[-3,-7],[0,-7],[0,-7],[-1,-7],[-1,-1],[-4,-5],[-6,1],[-5,5],[-5,6],[-5,5],[-20,10],[-8,1],[-11,3],[-10,3],[-10,2],[-27,-3],[-7,4],[-14,17],[-11,3],[-17,2],[-17,0],[-8,-5],[-1,-3],[-1,-3],[-2,-2],[-2,-2],[-3,0],[-2,1],[-2,3],[-2,1],[-6,-2],[-11,-6],[-7,0],[-6,1],[-3,3],[-1,4],[-2,5],[-11,10],[-4,5],[-9,14],[-7,3],[-9,-3],[-4,-5],[-3,-8],[0,-2],[0,-7],[0,-7],[2,-6],[3,-6],[7,-11],[3,-4],[2,-1],[2,-3],[1,-5],[-1,-13],[6,-40],[11,-7],[2,-4],[4,-6],[2,-4],[1,-11],[-11,-67],[0,-10],[2,-20],[0,-4],[0,-4],[-1,-2],[-7,-9],[-2,-6],[0,-6],[1,-15],[-3,-23],[0,-6],[1,-4],[0,-4],[-14,-27],[-5,-7],[-7,-5],[-9,-4],[-9,-1],[-7,6],[-5,7],[-5,4],[-7,2],[-8,-3],[-4,-6],[-1,-9],[2,-10],[2,-8],[7,-12],[2,-7],[0,-6],[-5,-8],[-12,-13],[-4,-8],[-1,0],[-11,-9],[-3,-28],[1,-7],[3,-7],[7,-13],[3,-7],[-1,-7],[-4,-14],[1,-8],[3,-12],[3,-5],[12,-12],[4,-15],[3,-40],[0,-4],[-1,-4],[-3,-2],[-3,0],[-8,-4],[-2,1],[0,-1],[0,-4],[6,-11],[-7,-2],[-6,2],[-4,3],[-7,2],[-9,2],[-3,0],[-4,-2],[-1,-2],[1,-2],[-1,-24],[1,-3],[-6,-2],[-4,-1],[-3,-3],[-7,-11],[0,-5],[1,-5],[2,-4],[1,-2],[1,-3],[0,-2],[-1,-3],[0,-1],[-1,0],[-2,-2],[-2,0],[-3,1],[-1,2],[-5,6],[-5,3],[-5,-1],[-3,-8],[-3,-10],[-4,-3],[-4,3],[-2,10],[-2,10],[-6,8],[-22,20],[-22,15],[-9,3],[-3,-3],[-1,-5],[1,-9],[0,-4],[-1,-1],[-2,1],[-1,0],[-2,-7],[0,-5],[1,-5],[0,-5],[-3,-4],[-4,-2],[-4,-1],[-4,-1],[-4,-5],[-2,-2],[-2,-2],[-3,-1],[-2,-1],[-1,3],[0,3],[-5,23],[-8,24],[4,3],[6,0],[3,2],[1,9],[-20,113],[0,6],[-5,11],[-1,6],[1,20],[-3,27],[-1,5],[-4,5],[-9,8],[-4,5],[-3,11],[-3,27],[-5,6],[-11,4],[-6,9],[-3,12],[0,24],[-8,49],[0,14],[1,5],[6,12],[3,7],[0,3],[-2,4],[-2,5],[0,4],[1,7],[0,3],[-1,2],[-5,3],[-2,2],[0,3],[0,4],[0,3],[-2,3],[-5,4],[-1,3],[-2,5],[-2,17],[-13,40],[-1,11],[4,15],[-1,6],[0,1],[-7,4],[-6,-3],[-4,-16],[-5,-5],[-5,6],[-3,13],[-7,10],[-14,-5],[-6,-5],[-11,-15],[-6,-5],[-8,-2],[-5,3],[-15,15],[-4,7],[-4,4],[-5,0],[-2,-4],[-1,-8],[1,-13],[9,-40],[-1,-14],[-8,-12],[-4,-5],[-5,-4],[-19,-7],[-6,-5],[-9,-11],[-10,-16],[-6,-18],[2,-13],[5,-12],[5,-23],[4,-11],[2,-4],[-2,-3],[-5,-6],[-1,0],[-3,1],[-1,-1],[-2,-1],[0,-2],[0,-1],[0,-2],[-6,-8],[-2,-2],[-6,-5],[-3,-3],[-4,-2],[-9,-2],[-5,-2],[-2,0],[-3,0],[-2,1],[-3,0],[-3,-1],[-1,-3],[-2,-3],[-2,-3],[-5,-3],[-1,2],[0,3],[-2,4],[-5,2],[-5,1],[-4,1],[-5,5],[-1,4],[0,10],[-1,1],[-4,1],[-1,1],[-1,9],[-8,25],[-2,4],[-2,11],[-1,0],[-5,5],[0,1],[0,2],[0,3],[-2,2],[-1,-2],[0,-1],[-3,6],[-5,6],[-7,5],[-7,0],[-4,-5],[-2,-8],[0,-16],[6,-29],[-1,-11],[-11,2],[-8,11],[-5,14],[-8,56],[-1,4],[-2,3],[-1,2],[3,3],[3,4],[2,2],[-2,2],[-4,1],[-4,4],[-4,7],[-4,14],[-2,9],[-1,3],[-2,3],[-6,3],[-3,3],[-3,6],[-3,11],[-3,6],[-10,18],[-1,6],[1,8],[4,1],[5,-1],[3,6],[-2,5],[-6,2],[-5,3],[-1,7],[3,7],[5,2],[7,0],[6,3],[3,6],[7,19],[1,7],[-1,4],[-4,8],[0,5],[1,5],[12,19],[4,5],[4,3],[6,3],[5,-1],[1,0],[2,-1],[4,-1],[4,3],[4,14],[0,13],[5,9],[14,1],[26,-5],[12,-1],[14,2],[8,2],[5,3],[4,5],[2,7],[4,22],[2,4],[3,-1],[6,-14],[3,-5],[6,-4],[7,-1],[6,2],[4,6],[0,6],[-2,7],[-1,6],[3,5],[22,-4],[3,-1],[1,-2],[1,-8],[1,-3],[10,-10],[7,-1],[4,2],[3,7],[7,29],[1,7],[-4,14],[1,6],[8,2],[3,-2],[7,-5],[7,-3],[0,5],[-8,12],[0,4],[29,-2],[10,1],[9,3],[6,9],[2,10],[-2,21],[1,6],[5,4],[5,3],[4,3],[1,1],[3,5],[2,5],[2,12],[3,14],[17,45],[1,5],[1,6],[-1,5],[-5,12],[-1,6],[2,5],[10,5],[13,-5],[23,-13],[0,-2],[2,-2],[2,-1],[4,-1],[21,7],[12,3],[5,7],[1,4],[-1,6],[-3,5],[-3,3],[-9,4],[3,2],[-1,2],[-3,1],[-11,8],[0,1],[-1,0],[-5,2],[-3,1],[-1,3],[-1,6],[-9,5],[-9,4],[-6,7],[-3,2],[-17,2],[-7,2],[-4,2],[-4,2],[-5,4],[-5,6],[-2,2],[-3,1],[-5,-2],[-2,1],[-2,2],[-5,0],[-3,1],[-2,2],[-3,5],[-3,2],[-9,3],[-11,2],[-11,1],[-9,-3],[-6,-2],[-20,3],[-36,-4],[-17,1],[-5,0],[-2,-2],[-2,-5],[-3,-1],[-3,0],[-4,2],[-4,0],[-2,-5],[-3,-3],[-8,-2],[-9,1],[-6,1],[-5,4],[-2,4],[-3,3],[-6,0],[-3,-1],[-6,-4],[-4,-1],[-3,-1],[-7,-2],[-4,0],[-13,1],[-51,15],[-16,7],[-4,0],[-7,-3],[-4,-1],[-19,1],[-55,-8],[-11,-4],[-3,0],[-39,-5],[-9,1],[-5,2],[-5,3],[-4,3],[-5,0],[-2,-1],[-4,-3],[-2,-1],[-3,-1],[-12,2],[-8,4],[-4,1],[-5,0],[-13,-3],[-28,2],[-35,-7],[-12,0],[-27,11],[-53,11],[-76,30],[-13,-1],[-13,-4],[-5,0],[-4,7],[-3,13],[-1,11],[1,10],[1,4],[3,9],[5,17],[0,27],[3,24],[-3,14],[-8,17],[-6,32],[1,8],[15,24],[1,8],[-2,2],[-6,1],[-6,3],[7,2],[4,4],[1,5],[-4,5],[-1,1],[-1,0],[0,-1],[-3,-2],[-2,-1],[-2,1],[-2,2],[-2,5],[-7,8],[-2,4],[-1,6],[1,4],[-1,4],[-4,6],[-3,5],[-1,6],[-2,5],[-4,3],[-3,0],[-7,-1],[-3,1],[-4,1],[-1,1],[1,2],[0,7],[0,7],[-2,6],[-6,1],[-7,-3],[-3,-3],[1,-10],[2,-4],[0,-2],[-7,2],[-2,0],[-3,-1],[-2,-2],[-4,-6],[3,-5],[5,-2],[7,-1],[-4,-2],[-5,-3],[-4,-3],[0,-4],[3,-1],[5,1],[4,0],[3,-5],[-3,-6],[-15,-11],[-3,-10],[1,-4],[-1,-5],[-3,-3],[-4,-1],[-4,2],[-3,4],[-5,7],[-1,1],[-2,1],[-2,0],[-18,-2],[-2,0],[-2,-1],[-1,1],[-2,0],[-5,7],[-4,0],[-4,-3],[-6,-3],[-5,1],[-7,2],[-7,4],[-8,9],[-12,5],[-3,3],[-2,7],[-3,4],[-5,4],[-23,9],[-4,4],[-3,6],[-3,21],[-2,6],[-7,10],[-2,6],[-1,9],[4,1],[5,-2],[3,1],[0,5],[-2,2],[-9,3],[-5,2],[-1,2],[1,3],[-1,4],[-3,3],[-8,1],[-3,2],[-4,2],[-5,6],[-4,1],[-5,4],[-3,3],[-3,1],[-6,-3],[-4,-3],[-5,-6],[-2,-7],[0,-6],[7,-7],[10,-3],[8,-4],[3,-10],[3,-2],[2,-1],[3,0],[4,2],[-2,-7],[3,-2],[4,0],[4,-1],[1,-7],[-6,-4],[-16,-4],[-9,3],[-15,14],[-10,2],[-7,-5],[-5,-11],[-5,-2],[-6,2],[-3,5],[-2,6],[-3,5],[-12,5],[-29,-10],[-6,4],[2,3],[13,5],[4,4],[3,6],[0,5],[-5,3],[-8,4],[-2,2],[0,6],[-2,1],[-3,1],[-1,3],[1,3],[1,2],[-8,2],[-3,2],[-4,2],[-3,3],[-2,4],[-2,3],[-4,2],[-7,0],[-3,0],[-8,3],[-7,5],[-3,2],[-3,4],[-5,3],[-4,5],[-6,2],[-12,4],[-4,4],[-1,7],[0,8],[0,6],[-4,2],[-4,-4],[-4,-7],[-3,-5],[-7,-22],[-4,-7],[-2,-4],[0,-6],[3,-5],[4,-1],[2,2],[1,8],[1,2],[3,1],[8,-4],[19,-3],[9,-4],[5,-8],[7,-18],[1,-9],[-8,1],[-2,-1],[-4,0],[-3,0],[-2,1],[-4,2],[-2,-1],[-1,-4],[-3,-3],[-16,-9],[-5,-4],[-5,-7],[-1,-5],[0,-13],[-3,-5],[-6,-3],[-20,-7],[-7,-1],[-3,-1],[-3,-3],[-2,-2],[-3,-2],[-11,-7],[-3,-4],[-4,-12],[-1,-1],[0,-2],[0,-4],[1,-1],[2,-2],[2,-2],[1,-3],[-3,-7],[-8,-6],[-7,-12],[-6,-20],[-2,-2],[-2,-1],[-1,-2],[3,-15],[2,-6],[0,-3],[0,-3],[5,-5],[2,-3],[2,-7],[4,-4],[7,0],[7,3],[5,3],[15,4],[12,-5],[20,-22],[25,-16],[9,-9],[2,-22],[4,-4],[13,-6],[4,-7],[9,-7],[3,-5],[3,-3],[7,-1],[15,-1],[6,-3],[12,-6],[7,-2],[4,1],[3,3],[3,3],[3,3],[3,1],[3,-1],[3,0],[4,1],[0,7],[10,-4],[3,-3],[4,-4],[4,-4],[4,-4],[0,-8],[-6,-12],[0,-2],[4,-3],[1,-3],[0,-3],[2,-4],[8,-9],[2,-2],[4,-1],[7,0],[2,-2],[6,-5],[8,-1],[16,1],[3,-3],[1,-4],[-1,-3],[-3,-3],[-12,-9],[-3,-4],[-1,-5],[1,-4],[-1,-4],[-6,-1],[5,-7],[-9,0],[-23,8],[-3,1],[-2,1],[-2,-1],[-3,-2],[-3,-8],[-3,-2],[-20,2],[-21,7],[-10,2],[-12,0],[-3,-1],[-5,-4],[-2,-1],[-4,-1],[-2,0],[-1,0],[-9,3],[-11,4],[-6,1],[-11,-2],[-4,-6],[1,-19],[-3,-23],[-4,-10],[-8,-9],[-1,-10],[-4,-8],[-12,-14],[-6,-10],[-3,-3],[-6,1],[-14,4],[-4,0],[-1,6],[-3,7],[-4,6],[-6,3],[-7,1],[-6,-2],[-17,-9],[0,-1],[2,-2],[1,-3],[5,-12],[1,-7],[-3,-4],[-5,-5],[-3,-6],[-5,1],[-2,-3],[-1,-4],[-1,-5],[-2,-3],[-4,0],[-4,-2],[-2,-15],[-4,-6],[-3,-7],[-2,-10],[7,-2],[5,-2],[4,-7],[5,-5],[1,-2],[0,-18],[0,-2],[1,-1],[3,-4],[4,-5],[0,-2],[10,-2],[90,-44],[25,-19],[8,-1],[22,-1],[17,-6],[8,1],[5,7],[4,8],[7,-1],[11,-7],[8,-10],[2,-13],[1,-2],[0,-6],[1,-1],[-1,-3],[-4,-6],[-1,-2],[0,-1],[-5,-2],[-8,-3],[-3,-3],[-2,-4],[0,-3],[1,-7],[0,-4],[-2,-8],[-1,-3],[2,-4],[6,-5],[2,-4],[8,-2],[0,-3],[-4,-5],[-4,-7],[2,-4],[2,-7],[1,-7],[-1,-7],[-3,-4],[-13,-11],[-5,-4],[-6,-1],[-8,1],[-6,-1],[-6,-4],[-1,-3],[1,-3],[0,-3],[0,-4],[-1,-4],[-6,-7],[-1,-4],[0,-3],[2,-5],[1,-4],[-8,-31],[1,-4],[3,-2],[4,0],[1,-2],[0,-4],[-1,-3],[0,-2],[3,-3],[4,-2],[6,1],[3,-1],[5,-5],[8,-13],[6,-6],[10,-6],[4,-2],[5,-10],[4,2],[4,6],[5,3],[4,-3],[-1,-8],[-16,-41],[-9,-13],[-3,-6],[1,-8],[3,-7],[5,-3],[22,-7],[4,0],[2,1],[3,2],[3,2],[4,0],[6,-1],[24,-7],[3,-2],[3,0],[9,0],[2,-2],[0,-3],[-2,-3],[-3,-4],[-9,-7],[-18,-18],[-5,-9],[-1,-18],[-3,-10],[0,-7],[1,-4],[7,-7],[3,-6],[7,-16],[4,-5],[10,-3],[4,-3],[1,-5],[-1,-7],[-1,-6],[-2,-5],[-3,-5],[-4,-5],[-3,-4],[1,-7],[4,-10],[1,-4],[2,-8],[4,-7],[3,-9],[2,-10],[-2,-8],[-8,-4],[11,-4],[4,-3],[3,-13],[6,-14],[2,-8],[-1,-3],[-3,-5],[-1,-3],[0,-4],[4,-18],[2,-4],[6,-10],[-5,-3],[3,-7],[15,-19],[3,-5],[2,-7],[1,-9],[-6,-7],[-1,0],[-5,3],[1,-5],[-1,-4],[-2,-4],[-1,-5],[2,-6],[4,-9],[1,-4],[3,-23],[-1,-10],[-9,-4],[-4,2],[-4,-1],[-1,-3],[0,-5],[-6,3],[-11,7],[-5,2],[-2,3],[-2,7],[-2,6],[-5,0],[-3,-6],[2,-8],[5,-7],[5,-3],[4,-1],[6,-3],[9,-7],[7,-11],[5,-29],[5,-13],[1,-2],[7,-6],[5,-11],[1,-1],[1,-14],[-2,-6],[-6,-3],[-4,0],[-3,1],[-2,3],[-1,2],[-1,2],[-2,-3],[-2,-4],[0,-2],[-7,-1],[-8,4],[-15,10],[-12,2],[-2,1],[-2,3],[-2,4],[-3,27],[-2,6],[-3,0],[-1,-6],[-4,-12],[-2,-5],[2,-6],[6,-11],[-1,-6],[-4,-4],[-7,-2],[-7,2],[-2,6],[5,5],[2,1],[0,3],[-1,3],[-2,6],[-2,-7],[-1,-4],[-3,-1],[-3,-1],[-2,-1],[0,-3],[-1,-4],[2,-6],[3,-6],[2,-5],[-2,-5],[-9,-5],[-12,2],[-7,6],[5,11],[-12,24],[-1,7],[6,39],[-1,5],[-2,5],[7,20],[1,19],[2,5],[4,4],[4,3],[4,5],[2,6],[-3,7],[-13,7],[-3,5],[2,5],[6,6],[11,9],[-7,0],[-6,-3],[-5,-4],[-3,-5],[-3,-5],[0,-5],[2,-5],[7,-1],[4,-4],[-3,-9],[-7,-12],[-1,-5],[-3,-6],[-4,-3],[-4,3],[-4,-2],[-4,0],[-4,2],[-2,3],[0,6],[2,3],[5,7],[2,6],[0,5],[-1,5],[-2,10],[-2,8],[0,4],[6,14],[6,4],[3,8],[-1,7],[-6,0],[0,-2],[-2,-5],[-2,-5],[-1,-1],[-1,-2],[-3,-6],[-1,-6],[-3,-4],[-1,-2],[-1,-2],[1,-9],[2,-6],[0,-4],[-2,-7],[-6,-8],[-1,-5],[0,-15],[-1,-7],[-10,-27],[-1,-6],[0,-22],[0,-1],[6,1],[7,3],[7,0],[3,-10],[-1,-6],[-2,-8],[-4,-4],[-4,2],[-3,0],[3,-23],[-2,-9],[-6,4],[0,-18],[-2,-5],[-4,-1],[-5,3],[-3,4],[-2,-4],[0,-3],[2,-4],[3,-3],[-11,-3],[-6,3],[-2,8],[2,8],[2,3],[3,2],[2,2],[0,4],[0,5],[1,4],[2,4],[2,3],[-7,19],[-2,10],[3,8],[7,11],[-1,10],[-5,9],[-7,9],[7,14],[0,7],[-7,5],[2,-6],[-3,-4],[-4,-4],[-2,-7],[1,-7],[5,-12],[1,-6],[0,-5],[-2,0],[-3,0],[-2,-1],[-2,-9],[-4,-6],[-1,-6],[-1,-7],[1,-6],[5,-9],[1,-5],[-1,-7],[-4,-7],[-5,-3],[-6,-1],[-5,-4],[-6,0],[-3,11],[0,14],[3,9],[-4,-1],[-6,-3],[-3,-1],[-3,2],[-2,3],[-1,4],[-2,3],[-2,-3],[0,-3],[1,-4],[6,-7],[1,-3],[0,-4],[-1,-5],[-4,-7],[-4,-3],[-4,1],[-2,8],[-1,39],[-1,7],[-3,5],[-6,7],[-4,0],[1,-8],[11,-35],[0,-7],[-1,-4],[-3,-8],[0,-4],[1,-3],[5,-4],[1,-3],[0,-3],[0,-1],[-2,-1],[-4,-3],[-3,-1],[-4,0],[-4,0],[-2,1],[-1,8],[-3,7],[-5,4],[-5,-3],[-7,13],[-2,8],[0,7],[3,7],[4,7],[3,8],[-3,9],[2,5],[-2,6],[-17,29],[1,3],[1,3],[-4,19],[1,6],[2,5],[3,4],[14,17],[6,9],[-4,8],[-3,18],[-2,5],[-11,6],[-16,6],[-13,5],[-1,9],[-6,-4],[-5,-2],[-6,1],[-6,5],[-8,8],[-5,6],[-1,6],[-2,7],[-4,13],[-1,6],[-1,7],[-2,7],[-4,3],[-7,1],[0,-3],[5,-7],[5,-15],[4,-27],[1,-5],[5,-6],[9,-10],[6,-4],[5,-1],[11,-1],[13,-3],[13,-4],[10,-8],[4,-13],[-3,-10],[-8,-10],[-10,-9],[-9,-5],[-13,0],[-2,-1],[1,-4],[1,-4],[1,-3],[-1,-3],[-5,-7],[-17,-36],[-4,-6],[-5,-3],[-3,-1],[-13,-9],[-3,-1],[-1,0],[-1,-2],[0,-4],[-1,-2],[-9,-8],[-11,-7],[-27,-13],[-18,-13],[-7,-2],[-14,1],[-7,-1],[-49,-12],[-3,-1],[-22,-9],[-22,-8],[-16,-3],[-13,3],[-3,-2],[-4,-1],[-8,0],[-4,-1],[-30,-15],[-17,-12],[-50,-51],[-17,-25],[-10,-28],[2,-32],[37,-81],[5,-15],[-4,-9],[-6,2],[-7,0],[-13,-2],[4,-6],[7,-3],[16,-1],[8,1],[2,-1],[3,-5],[1,-3],[1,-4],[-1,-2],[-3,-3],[-5,2],[-5,1],[-4,-1],[-3,-4],[4,0],[3,-1],[3,-1],[2,-3],[2,1],[2,-1],[1,-1],[2,-3],[8,3],[5,3],[3,3],[-5,-6],[-8,-8],[-10,-7],[-18,-5],[-51,-39],[-8,-8],[-6,-9],[-3,-10],[-1,-23],[7,4],[5,5],[5,3],[6,-4],[0,4],[0,5],[3,7],[4,-7],[-5,-13],[-9,-12],[-6,-6],[-4,-1],[-6,-3],[-7,-4],[-2,-3],[2,-4],[7,3],[11,8],[-12,-10],[-31,-18],[-15,-6],[-17,-4],[-8,-3],[-5,-5],[-2,-3],[-4,-16],[-3,-7],[-1,-5],[-18,-20],[-8,-6],[2,-3],[3,-3],[3,-1],[4,0],[-10,-6],[-17,9],[-25,21],[-15,-1],[-7,0],[-3,4],[-2,1],[-8,8],[-1,4],[-2,7],[-1,3],[-3,0],[-2,-7],[3,-11],[2,-4],[3,-2],[6,-4],[9,-7],[6,-2],[13,-4],[2,0],[4,1],[1,-1],[2,-1],[0,-2],[0,-2],[0,-1],[3,-3],[2,-2],[2,-2],[4,-1],[5,-2],[5,-3],[6,-2],[-36,-19],[-54,-19],[-7,-4],[-4,0],[-4,3],[-3,2],[-4,-2],[-3,-3],[-2,-1],[-6,-1],[-43,-12],[-14,-3],[-13,-8],[-7,-2],[-4,-1],[-11,1],[-4,-1],[-6,-3],[-11,-2],[-20,-11],[0,2],[4,1],[0,2],[-8,-1],[-22,-13],[-24,-9],[-8,-1],[-2,1],[-1,3],[0,6],[-1,0],[-2,0],[-3,0],[-1,2],[0,2],[2,1],[2,0],[0,1],[4,3],[9,2],[16,6],[1,-2],[-1,-2],[-1,-3],[-2,-3],[15,9],[6,3],[-3,2],[-1,2],[0,2],[2,3],[-1,7],[1,29],[-4,2],[-15,3],[-13,4],[-4,1],[-8,-3],[-9,-6],[-14,-14],[-19,-15],[-5,-1],[-5,-1],[-4,-1],[-3,-2],[-8,-6],[-8,-10],[-6,-10],[1,-8],[-6,-4],[-5,-12],[-3,-4],[-6,-4],[-3,-6],[0,-6],[4,-4],[0,-3],[-4,-1],[-6,-3],[-5,-3],[-2,-3],[1,-5],[1,-3],[3,0],[2,4],[2,-3],[1,-4],[-1,-4],[-2,-3],[4,1],[3,2],[1,2],[2,2],[4,2],[3,0],[2,0],[3,0],[5,4],[0,4],[-2,4],[1,5],[3,-2],[2,0],[4,1],[3,1],[-10,6],[-4,1],[0,3],[7,0],[4,3],[3,4],[5,2],[0,2],[-2,1],[-2,1],[-1,2],[0,3],[1,0],[4,7],[0,1],[4,0],[17,-5],[14,12],[4,0],[4,-1],[3,1],[3,5],[3,-4],[1,-3],[1,-3],[0,-6],[-1,-1],[-5,-2],[-1,0],[-1,-2],[-1,-4],[-1,-2],[-3,-2],[-5,-3],[-6,-1],[-2,3],[-1,5],[-3,0],[-3,-3],[0,-6],[-2,1],[-3,1],[-2,1],[5,-5],[1,-3],[-1,-2],[9,1],[84,40],[-12,-8],[-26,-13],[-29,-13],[-15,-6],[-17,-14],[-16,-6],[-20,-15],[-38,-36],[-25,-17],[-43,-36],[-28,-35],[-4,-1],[-1,0],[-4,2],[-4,6],[-4,3],[-2,-3],[-1,-4],[-3,-5],[-1,-4],[1,-2],[4,-5],[2,-3],[6,8],[1,2],[3,0],[2,-1],[2,-1],[-1,-2],[-9,-13],[-4,-9],[-14,-17],[-7,-11],[-5,-6],[-11,-5],[-29,-41],[-2,-7],[-32,-34],[-4,-6],[-1,-6],[-3,-3],[-18,-12],[-8,-11],[-5,-6],[-7,-2],[-2,-1],[-6,-5],[-3,-1],[-3,-1],[-8,0],[-1,1],[-3,-6],[4,-3],[8,0],[9,5],[9,8],[9,5],[-7,-5],[-15,-11],[-16,-16],[-3,-5],[-15,-10],[-4,-6],[-8,-6],[-3,-3],[-2,-4],[0,-3],[-2,-4],[-3,-3],[-3,-13],[-13,-9],[-103,-46],[-55,-33],[-11,-9],[-2,-3],[-5,-9],[-1,-2],[-1,-2],[-6,-5],[-2,-2],[-2,-3],[-14,-9],[-5,-5],[-2,0],[-1,2],[-4,5],[-1,-6],[1,-7],[1,-6],[-8,-5],[-2,-5],[-2,-12],[-6,-7],[-21,-24],[-7,-5],[-2,0],[-3,-3],[-2,-1],[-2,0],[-1,1],[-1,1],[-1,0],[-1,1],[0,2],[-2,3],[-3,1],[-7,0],[-2,-3],[3,-4],[8,-3],[7,-3],[2,-2],[0,-3],[-3,-2],[-8,-3],[-4,-4],[-3,-1],[-12,0],[8,-10],[1,-5],[-5,-2],[-5,-1],[-4,-2],[-9,-6],[-28,-10],[-12,-9],[-12,-5],[-8,-6],[-7,-7],[-2,-2],[-6,-1],[-2,-1],[-17,-12],[-3,1],[-1,4],[-5,-3],[-5,-4],[-6,-3],[-14,-4],[-13,-8],[-14,-4],[-83,-49],[-8,-9],[-6,-10],[-4,-4],[-12,-5],[-6,-6],[-10,-13],[-10,-9],[-4,-6],[-3,-11],[-13,-24],[-1,-7],[2,-8],[4,-6],[10,-3],[2,-2],[2,-1],[2,-1],[2,0],[2,1],[2,0],[1,1],[6,-3],[3,5],[0,11],[-1,12],[-3,11],[4,-7],[2,-10],[0,-17],[-1,-17],[-4,-17],[-2,-19],[-3,-10],[-8,-17],[-1,-3],[1,-3],[-1,-1],[-3,-1],[-1,1],[-2,6],[-2,1],[-2,-3],[1,-5],[4,-5],[4,-4],[-17,-5],[-19,-19],[-5,-3],[-5,-1],[-18,-8],[-11,-8],[-7,-3],[-11,1],[-5,-4],[-5,-6],[-5,-4],[-4,0],[-5,0],[-4,0],[-2,-6],[-3,-1],[-14,-1],[-7,-1],[-6,-2],[-27,-13],[-7,-6],[-15,-3],[-2,0],[-6,1],[-6,4],[-7,3],[-7,-1],[-5,2],[-13,1],[-5,2],[2,4],[-2,3],[-4,2],[-6,0],[3,-7],[-4,-1],[-14,4],[-7,-1],[-20,-7],[1,4],[2,3],[1,2],[-2,3],[-4,3],[-4,0],[-4,-2],[-4,-3],[-6,2],[-5,0],[-4,-1],[-5,-1],[-20,-12],[-4,-5],[1,-3],[2,-3],[1,-4],[-2,-7],[-8,-9],[-4,-15],[-10,-22],[-3,-18],[-6,-10],[-2,-6],[-1,-19],[-2,-5],[-5,-2],[-16,-15],[-15,-10],[-6,-4],[-9,-12],[0,-4],[1,-4],[2,-2],[1,-2],[3,-7],[0,-3],[-3,-2],[-2,0],[-3,2],[-3,3],[-3,4],[-10,8],[-3,2],[-7,2],[-4,5],[-2,6],[0,7],[2,26],[0,6],[-1,6],[-3,11],[-2,-4],[2,-3],[-3,-3],[-1,2],[-1,1],[-2,2],[5,-13],[1,-15],[-1,-14],[-12,-26],[-9,-26],[-3,-7],[-5,-4],[1,31],[-2,13],[-9,15],[-6,3],[-8,2],[-16,1],[-3,0],[-2,2],[-2,0],[-2,-2],[-1,-3],[1,-1],[-15,-1],[-7,-2],[-5,-3],[-5,-2],[-3,5],[-3,0],[-4,-5],[-5,-4],[-12,-6],[-3,-1],[-2,0],[-3,0],[-2,-2],[-6,-5],[-3,-3],[-14,-3],[-12,-8],[-27,-26],[-6,-9],[-15,-37],[-1,-7],[-5,-10],[-1,-6],[4,-2],[-3,-5],[-6,-10],[-4,-5],[-11,-11],[-5,-7],[-2,-6],[-10,-23],[1,-3],[-4,-32],[-10,-38],[1,-28],[2,-13],[4,-12],[0,-7],[11,-55],[1,-17],[1,-3],[2,-3],[4,-3],[8,-5],[3,-4],[2,-12],[2,-4],[2,-4],[-1,-4],[-2,-3],[-3,-2],[-7,-3],[3,-2],[3,0],[9,2],[2,0],[2,-2],[0,-2],[-1,-2],[-1,-2],[-1,-8],[-4,-19],[1,-28],[-1,-16],[-5,-6],[-8,-20],[-3,-4],[-11,-1],[-3,-1],[-5,-7],[-1,-1],[-5,-2],[-3,-6],[1,-3],[8,2],[6,5],[5,6],[5,3],[5,-5],[-4,-12],[1,-16],[8,-42],[5,-14],[25,-51],[4,-14],[-1,-15],[-6,-13],[-2,-8],[2,-7],[3,-6],[8,-23],[10,-23],[7,-17],[1,-13],[-2,0],[-10,25],[-11,28],[-17,18],[-4,12],[-11,14],[-4,3],[0,-27],[-2,-11],[-5,3],[-1,4],[1,9],[-1,3],[-2,3],[-4,1],[-2,3],[0,-8],[-1,-4],[-5,-4],[-8,-10],[1,-8],[5,-7],[11,-13],[3,-9],[3,-4],[4,-2],[7,0],[8,-2],[15,-1],[3,0],[2,-3],[3,-2],[4,-1],[2,0],[2,0],[-1,-6],[4,-4],[6,-4],[5,-6],[2,4],[0,1],[5,1],[2,-6],[4,-13],[1,-9],[-1,-10],[-3,-17],[-1,-10],[-3,2],[-2,0],[0,-6],[-2,-5],[2,0],[5,2],[0,-8],[-3,-7],[-4,-5],[-2,-6],[0,-4],[2,-10],[-2,-4],[-6,-7],[-1,-3],[-1,-13],[-5,-25],[-2,-43],[-4,-25],[-6,-18],[-2,-12],[-2,-6],[-6,-9],[-3,-7],[-4,-16],[0,-7],[-2,-5],[-8,-20],[-12,-20],[-1,-6],[-7,-13],[-3,-4],[-8,-5],[-2,-1],[0,-1],[-11,-19],[-7,-7],[-18,-9],[-3,-4],[3,-2],[7,3],[11,7],[-20,-31],[-5,-5],[-2,-3],[-10,-21],[-9,-11],[-3,-5],[-1,-4],[1,-12],[-1,-2],[-3,-4],[-1,-2],[-1,-7],[-9,-19],[-5,-29],[-4,-3],[-2,-6],[-7,-34],[-1,-13],[-3,-13],[-1,-7],[2,-14],[8,-25],[2,-14],[2,0],[2,3],[0,3],[0,2],[-2,2],[6,-1],[2,-3],[2,-18],[-1,-3],[-3,-1],[-9,0],[-3,0],[-2,1],[-4,-1],[-3,-2],[-3,-2],[-19,-19],[-3,-6],[3,0],[4,3],[16,11],[3,2],[3,6],[5,1],[7,-1],[10,-4],[2,0],[1,-2],[0,-27],[7,-36],[-1,-53],[-2,-10],[-2,-10],[3,-49],[1,-19],[0,-57],[3,-14],[1,-60],[-2,-30],[-2,-3],[-6,-2],[-6,-2],[-7,-1],[-6,2],[1,8],[-8,4],[-43,7],[-4,-2],[-2,-5],[5,0],[6,0],[5,-1],[5,-1],[3,-2],[3,-2],[4,-1],[9,0],[9,-2],[6,-3],[-1,-5],[-4,-1],[-62,13],[-5,1],[-3,0],[-1,2],[0,3],[1,1],[3,0],[3,1],[10,4],[2,2],[-7,3],[-7,-3],[-13,1],[1,-3],[0,-2],[-7,-3],[-18,-2],[-8,0],[-8,4],[-5,1],[-4,-1],[-8,-7],[-20,-11],[-6,-6],[-5,-6],[-1,-4],[0,-5],[0,-4],[-3,-2],[-4,-1],[-3,-3],[-1,-5],[0,-5],[2,-23],[4,-11],[8,-6],[-13,-9],[-14,-14],[-20,-27],[-7,-15],[-6,-7],[-1,-1],[-2,-8],[-6,-7],[-13,-13],[-20,-27],[0,-3],[0,-4],[-1,-4],[-2,-2],[-3,-3],[-2,-2],[-3,-5],[-3,-6],[-3,-8],[-2,-17],[-4,-13],[1,-8],[6,-13],[9,-11],[27,-24],[12,-5],[14,-3],[47,-1],[7,3],[8,5],[8,4],[7,-3],[2,-3],[-1,-2],[-2,-3],[-1,-5],[1,-3],[1,-3],[2,-1],[1,-2],[2,-4],[5,-4],[24,-18],[5,-6],[-5,-3],[-5,3],[-22,19],[-23,13],[-21,2],[-5,4],[-5,-1],[-6,2],[-7,1],[-12,-6],[-11,0],[-3,-1],[-9,4],[-12,3],[-13,1],[-11,-1],[-3,-1],[-7,-6],[-3,-1],[-3,0],[-2,1],[-3,0],[-12,-2],[-6,-2],[-9,-5],[-14,-3],[-5,-3],[-3,-4],[-4,-2],[-4,-2],[-18,-1],[-5,-3],[-2,-5],[-2,-4],[-5,-2],[-6,-2],[-45,-5],[-13,-3],[-12,-6],[-12,-7],[-47,-39],[-8,-10],[-12,-21],[-2,-6],[-1,-23],[-1,-8],[-3,-6],[5,3],[4,1],[4,1],[3,7],[2,-8],[-3,-4],[-7,-3],[-6,-4],[-1,-3],[-3,-9],[-5,-7],[-2,-3],[2,-4],[-9,0],[7,-12],[2,-11],[-5,-36],[-1,-4],[-3,-4],[-10,-9],[-2,-3],[-6,-20],[-2,-4],[-6,-1],[-14,-5],[-66,-41],[-4,-4],[-9,-12],[-5,-3],[-37,-6],[-17,-6],[-12,-8],[2,-12],[-19,-2],[-21,4],[-46,14],[-2,1],[-5,6],[-3,2],[-8,5],[-8,3],[-5,3],[-33,30],[-6,5],[-39,29],[-11,13],[-29,40],[-18,17],[-4,11],[-25,29],[-4,8],[-12,11],[-12,21],[-5,7],[-30,25],[-5,7],[2,4],[3,1],[5,-8],[6,2],[7,3],[3,3],[-4,0],[-5,-2],[-4,0],[-3,4],[1,4],[2,4],[4,5],[4,1],[18,-2],[1,1],[-3,3],[-4,2],[-2,1],[3,2],[5,1],[4,2],[0,2],[-4,1],[-4,-1],[-5,-2],[-1,-1],[-3,-4],[-4,1],[-8,4],[-2,-2],[-4,-11],[-3,-4],[-2,5],[2,2],[1,2],[2,6],[-6,-4],[-3,-4],[-2,-5],[1,-7],[-3,3],[-2,5],[-2,6],[0,4],[-1,4],[-5,7],[-3,12],[-10,21],[0,8],[1,-2],[1,-2],[0,-1],[1,-3],[2,0],[0,5],[2,14],[-3,-2],[-1,-2],[0,-3],[-3,0],[-6,21],[-5,12],[-5,0],[0,-3],[11,-27],[1,-5],[-2,0],[-28,63],[-17,58],[-7,49],[2,9],[-7,52],[-8,26],[-2,3],[-3,16],[-1,5],[5,4],[6,-5],[6,-7],[2,-7],[-2,-2],[-8,3],[-2,-1],[0,-5],[1,-4],[2,-3],[4,-2],[0,3],[2,5],[2,-5],[0,-6],[-2,-4],[-1,-2],[3,0],[4,1],[1,3],[-2,5],[4,4],[2,-7],[8,-56],[3,0],[0,9],[-3,22],[3,9],[-8,11],[-1,5],[4,3],[2,-5],[5,-9],[2,-5],[1,-4],[-1,-8],[0,-4],[3,-19],[3,-7],[6,-5],[-1,-6],[-2,-4],[-2,-5],[-2,-4],[-7,-31],[1,-5],[7,-2],[17,-4],[3,1],[8,-3],[6,2],[9,11],[-6,3],[-6,4],[-6,3],[-7,-3],[-4,2],[-4,3],[5,8],[0,7],[-2,8],[0,16],[-2,6],[-2,4],[-3,-2],[-1,4],[1,6],[0,4],[-1,4],[-3,6],[-1,4],[2,6],[2,3],[2,4],[-1,7],[-3,6],[-7,13],[-2,6],[-13,13],[-3,5],[-6,-6],[-6,10],[-3,13],[2,7],[-7,4],[-3,19],[-3,0],[-3,2],[-2,3],[-2,7],[-3,-7],[2,-6],[4,-6],[1,-6],[1,-14],[2,-7],[2,-6],[-5,4],[-4,9],[-11,28],[-1,6],[1,5],[0,3],[-2,3],[0,6],[16,9],[4,5],[0,2],[2,2],[0,3],[-1,2],[-2,0],[-2,-1],[-2,0],[-3,6],[-2,4],[-4,2],[4,-12],[1,-6],[-3,-6],[-6,-4],[-5,2],[-3,4],[-2,5],[-6,14],[-6,29],[-5,14],[-12,17],[-2,6],[0,7],[-4,15],[-3,5],[-8,9],[-4,5],[-3,13],[-21,42],[-1,6],[-1,3],[-2,2],[-2,3],[0,3],[1,2],[4,3],[2,2],[-10,5],[-6,14],[-5,29],[-16,57],[-31,74],[-2,3],[-1,2],[-1,3],[-1,4],[4,2],[1,3],[-2,4],[-5,-1],[-4,5],[-5,13],[-6,11],[-5,4],[-5,2],[-6,0],[-5,2],[-3,4],[-1,7],[-1,6],[-7,9],[1,5],[-18,45],[-9,12],[-43,48],[-3,0],[-5,-3],[-1,2],[-2,3],[-8,10],[-6,11],[7,2],[25,-6],[0,2],[-5,3],[-1,4],[1,4],[3,6],[-5,-2],[-6,-6],[-5,-1],[-6,0],[-5,3],[-5,3],[-4,5],[-4,8],[1,3],[12,-1],[5,1],[-2,4],[-7,6],[0,1],[-14,-10],[-1,-6],[6,-10],[-11,12],[-2,2],[-2,1],[-2,1],[-1,2],[-1,1],[-2,-1],[-2,-1],[-1,-2],[0,-1],[-5,5],[-2,6],[-2,13],[-13,29],[-4,16],[3,12],[0,2],[-5,-1],[-2,-2],[-2,-3],[-3,-3],[0,4],[0,5],[-2,8],[-6,12],[-22,38],[-2,8],[-1,2],[-1,2],[-2,2],[-3,3],[-1,3],[-1,7],[-3,5],[-7,11],[-26,65],[-4,6],[-4,6],[-1,2],[0,8],[-1,3],[-2,4],[-4,3],[-2,3],[-1,4],[9,-4],[3,0],[2,2],[5,6],[3,1],[4,1],[6,1],[5,3],[3,5],[-16,-3],[-15,-5],[-12,2],[-16,66],[5,11],[-3,3],[-2,2],[-2,7],[-1,9],[0,4],[-3,2],[-1,3],[-4,18],[-1,14],[-7,24],[-2,6],[-4,6],[-2,5],[1,4],[-2,6],[-1,12],[-1,9],[3,-11],[1,-8],[5,-1],[-2,3],[0,8],[0,6],[-9,23],[1,8],[-3,19],[1,5],[-1,1],[-1,1],[0,1],[0,2],[2,-2],[1,1],[1,2],[1,4],[2,0],[3,-3],[5,1],[4,1],[4,3],[-5,0],[-2,1],[-4,6],[-5,4],[0,2],[5,1],[-5,6],[-4,-3],[-5,-15],[-5,11],[-8,29],[-3,21],[-6,13],[-4,11],[-12,15],[-5,8],[-11,14],[-3,7],[0,4],[1,7],[-1,3],[-1,4],[-4,5],[-2,3],[0,20],[-2,7],[-10,13],[-3,7],[1,8],[5,-3],[8,-2],[8,0],[5,1],[-3,2],[-22,8],[-3,1],[-4,6],[-1,15],[-3,7],[-2,3],[-1,4],[0,9],[-1,3],[-2,2],[-2,3],[-2,12],[-7,13],[-1,9],[5,-6],[4,-10],[4,-8],[6,0],[-3,5],[1,1],[9,-1],[-14,17],[-5,2],[1,1],[1,3],[0,1],[-3,2],[-2,0],[-2,-2],[-1,4],[0,2],[1,3],[-5,-2],[-1,-5],[1,-5],[-1,-4],[-5,-3],[-5,1],[-3,3],[1,4],[-3,9],[0,8],[4,5],[11,1],[0,3],[-5,2],[-4,-1],[-4,-3],[-5,-1],[-4,2],[-3,3],[0,4],[3,3],[-2,7],[-2,15],[-4,6],[-6,5],[-5,1],[-4,-2],[-5,-6],[-4,10],[-3,2],[-1,1],[-4,-1],[-2,0],[-2,5],[-12,6],[-5,4],[-2,7],[6,-3],[2,2],[0,4],[1,4],[4,2],[4,0],[4,-1],[2,-3],[4,6],[3,4],[4,3],[6,1],[3,0],[3,-1],[2,0],[1,4],[-1,2],[-4,0],[-3,2],[-1,5],[-4,-4],[-10,-5],[-3,-2],[-2,-3],[-4,-3],[-6,-2],[-4,0],[-3,4],[-4,10],[-4,2],[-1,2],[-14,8],[-2,5],[0,5],[2,10],[-2,6],[-3,2],[-5,1],[-4,2],[-8,16],[-3,3],[-17,5],[3,10],[2,4],[3,4],[7,4],[2,3],[-3,6],[-2,-3],[-20,64],[-2,4],[-5,1],[-7,1],[-7,1],[-6,5],[-10,10],[20,-1],[3,0],[4,1],[4,-2],[4,-1],[5,3],[12,-4],[4,-4],[3,-6],[1,0],[2,0],[0,1],[2,1],[-3,3],[-8,10],[-3,3],[-14,6],[-3,0],[-4,-1],[-3,1],[-1,1],[-3,3],[-2,0],[-12,2],[-3,-2],[0,5],[1,5],[3,4],[3,3],[4,2],[15,3],[-3,2],[-1,2],[0,1],[2,2],[0,2],[-24,-13],[-3,-2],[-7,1],[-5,6],[1,8],[-5,8],[-1,4],[-1,5],[1,5],[1,1],[2,2],[1,3],[4,5],[9,4],[17,4],[0,2],[-12,1],[-6,-1],[-3,-3],[-3,-2],[-12,-7],[-1,-2],[-4,2],[-4,6],[-3,7],[-2,11],[-2,3],[1,3],[4,4],[-3,0],[-6,1],[-6,1],[-3,3],[-1,4],[1,15],[-3,9],[-12,22],[-5,7],[-20,16],[-7,7],[-7,9],[-1,7],[10,1],[0,3],[-6,0],[-5,1],[-4,3],[-1,4],[-1,1],[-3,1],[-2,2],[-2,3],[2,2],[2,2],[1,2],[0,20],[1,6],[2,3],[3,3],[3,4],[-7,-2],[-5,-6],[-1,-8],[-1,-10],[-2,16],[0,15],[-2,5],[-1,0],[-2,-1],[-2,1],[-2,2],[-1,2],[-2,7],[-9,29],[0,2],[0,6],[-1,1],[-6,3],[0,5],[2,3],[3,2],[4,2],[-6,2],[-5,4],[-4,4],[-2,13],[-5,14],[-2,3],[-3,2],[-1,4],[0,7],[2,3],[2,-2],[3,-3],[0,-1],[7,-8],[4,-1],[8,-1],[-3,1],[-3,2],[-2,2],[-1,2],[1,2],[3,4],[3,2],[-6,0],[-6,2],[-5,4],[-2,4],[0,3],[-1,1],[1,0],[2,2],[1,0],[11,5],[0,-6],[2,-2],[2,0],[1,4],[-2,7],[-4,2],[-6,-1],[-5,-4],[-4,8],[0,3],[0,2],[3,4],[1,3],[0,5],[-2,3],[-6,4],[-3,10],[2,9],[3,9],[-1,7],[-2,-3],[-3,6],[-5,9],[-1,10],[3,4],[0,1],[-3,13],[0,6],[2,5],[5,8],[-10,5],[-2,3],[2,4],[-4,5],[1,4],[2,0],[4,-4],[2,8],[0,8],[-3,8],[-4,7],[2,5],[0,5],[-2,5],[-7,12],[0,8],[-6,11],[-1,5],[-1,3],[-6,6],[-3,4],[6,-2],[5,-4],[5,-3],[6,2],[-5,6],[-10,18],[-3,5],[-9,7],[-2,5],[0,4],[4,4],[3,6],[-4,5],[2,7],[-5,9],[-11,13],[-2,5],[0,3],[3,1],[5,0],[4,1],[13,6],[-5,2],[-11,1],[-5,2],[-4,4],[-2,5],[0,5],[2,5],[-3,3],[-3,4],[-1,5],[0,3],[4,4],[2,4],[0,5],[-3,4],[-2,4],[-1,9],[-2,4],[-5,6],[-2,4],[-2,11],[-3,7],[-16,26],[-1,7],[7,7],[-6,0],[-4,3],[-1,4],[1,5],[4,3],[5,2],[3,3],[0,6],[-4,-1],[-3,-2],[-2,-3],[-3,-4],[-2,5],[-5,5],[-2,5],[1,0],[1,2],[0,3],[-1,3],[-2,3],[-1,2],[-3,27],[-4,7],[-10,3],[3,7],[2,2],[-2,2],[0,3],[0,4],[2,3],[4,-1],[2,-3],[1,-3],[1,-4],[3,-3],[2,-1],[1,1],[5,0],[6,-1],[7,-2],[6,-3],[4,-6],[-5,-3],[0,-5],[3,-1],[5,7],[1,7],[-3,11],[2,6],[-5,2],[-5,1],[-10,-1],[-6,1],[-6,4],[-3,6],[2,6],[-6,0],[-2,2],[-6,7],[-2,1],[-2,0],[-2,0],[-1,1],[-1,3],[0,1],[0,2],[1,3],[-1,5],[-2,3],[-3,3],[-2,4],[0,4],[0,14],[2,8],[4,7],[6,4],[7,-1],[5,-5],[10,-17],[6,-7],[3,7],[-4,4],[-5,3],[-3,7],[-1,5],[-3,6],[-3,5],[-4,2],[-10,-2],[-3,1],[-2,6],[-8,21],[-6,4],[-3,12],[-1,13],[0,17],[2,6],[2,5],[5,3],[3,-1],[5,-2],[4,0],[4,9],[5,-3],[12,-13],[-3,-6],[1,-5],[4,-4],[5,-2],[-3,8],[2,9],[3,7],[5,5],[-10,4],[-2,2],[-2,6],[0,2],[2,3],[0,3],[-1,1],[-2,0],[-2,-1],[-1,-1],[-1,-1],[-5,-3],[-10,4],[-7,9],[6,10],[5,-4],[2,3],[1,9],[4,2],[5,-2],[5,1],[3,5],[-11,0],[0,3],[5,0],[8,3],[17,5],[1,0],[4,7],[-6,1],[-9,-3],[-9,-4],[-1,4],[1,9],[-2,4],[4,7],[-2,2],[-4,2],[-3,4],[3,25],[-3,0],[-6,-12],[-5,-4],[0,-13],[-3,-4],[6,-4],[-3,-8],[-15,-14],[0,3],[-2,9],[-5,-6],[-6,-8],[-6,-10],[-3,-14],[-2,-5],[-3,-2],[-3,4],[0,4],[1,4],[1,4],[-2,5],[-2,0],[-2,-2],[-1,-2],[-4,-4],[-2,4],[2,4],[7,9],[2,5],[1,4],[-1,10],[3,-1],[2,-1],[1,3],[1,4],[-1,3],[-4,2],[5,10],[0,4],[-1,4],[-3,6],[-1,3],[1,3],[4,3],[0,2],[-2,3],[-2,0],[-2,-2],[-2,-5],[-3,-2],[-2,0],[-1,3],[0,3],[7,15],[6,10],[3,4],[-5,1],[-4,-6],[-5,-7],[-4,-4],[-1,21],[1,12],[3,5],[19,1],[9,0],[6,-8],[5,-1],[11,-2],[5,1],[5,2],[4,0],[5,-5],[8,-19],[6,-7],[7,4],[-6,4],[-1,5],[0,6],[-3,2],[-2,2],[-4,5],[-5,5],[-5,2],[-19,-1],[-6,1],[-5,4],[-10,8],[-6,3],[-7,-7],[-5,1],[-5,5],[-8,12],[-2,3],[-4,19],[0,8],[2,5],[6,3],[37,15],[-8,3],[-7,-2],[-7,-3],[-6,0],[-3,1],[-2,2],[-2,3],[0,4],[-2,3],[-4,3],[-6,3],[-2,0],[1,-4],[1,-3],[-1,-3],[-1,-2],[5,-5],[2,-2],[0,-3],[-2,-2],[-3,1],[-6,7],[-4,18],[2,7],[-3,15],[-8,26],[3,-2],[2,-2],[1,-3],[1,-3],[7,3],[0,3],[-3,5],[-1,6],[1,2],[2,0],[3,1],[1,3],[-1,3],[0,3],[-2,5],[-13,-16],[-4,-1],[0,6],[1,13],[-2,4],[-8,10],[-1,4],[4,5],[2,5],[0,12],[-1,9],[1,4],[4,2],[2,2],[4,5],[3,6],[1,6],[0,20],[1,4],[6,16],[3,16],[1,3],[5,7],[1,4],[-1,1],[-1,0],[-2,1],[-1,2],[0,7],[1,0],[1,12],[3,5],[4,6],[3,6],[2,8],[2,0],[3,2],[5,4],[2,2],[1,4],[1,10],[2,8],[4,7],[13,19],[3,6],[1,8],[0,7],[0,4],[-1,8],[-1,4],[1,3],[5,5],[1,4],[1,15],[0,7],[-3,5],[14,9],[2,0],[0,4],[-3,2],[-4,2],[-2,2],[0,3],[1,2],[1,3],[-2,4],[-7,-8],[-5,3],[-2,8],[3,8],[4,5],[-2,1],[-4,-2],[-2,-1],[-13,-9],[3,6],[3,12],[3,3],[-9,12],[6,6],[11,5],[0,7],[-4,0],[-8,-3],[-7,-1],[-3,4],[-1,3],[-1,3],[-3,1],[-3,1],[-4,0],[-2,2],[-4,4],[-1,6],[6,0],[13,-2],[7,1],[2,4],[-12,25],[-2,3],[-3,0],[-15,-7],[-1,2],[-2,1],[-2,2],[-1,-2],[-1,-2],[0,-7],[-2,-1],[-10,-5],[2,11],[5,8],[3,7],[-5,5],[-3,-2],[-7,0],[-3,-1],[-2,-3],[0,-4],[1,-8],[-1,-4],[-2,-1],[-2,0],[-7,-4],[-3,1],[-5,6],[0,5],[5,5],[22,15],[6,6],[3,1],[5,0],[-4,4],[-12,4],[-3,3],[-2,3],[-5,2],[-4,3],[-1,7],[-7,-5],[-2,-2],[-4,5],[-2,4],[-1,10],[-3,9],[-1,3],[1,2],[5,2],[12,1],[2,2],[-2,3],[-5,0],[-10,-3],[-6,2],[-3,3],[-2,3],[4,2],[21,6],[13,7],[1,1],[17,12],[7,-4],[2,3],[-2,6],[-3,1],[-19,-6],[-6,-3],[-18,-12],[-10,-2],[2,6],[10,19],[6,4],[5,2],[13,12],[5,3],[8,1],[8,5],[8,5],[5,5],[8,14],[4,3],[4,0],[8,-2],[5,-1],[6,2],[15,6],[11,7],[19,7],[22,11],[7,1],[4,2],[3,3],[2,4],[-2,3],[-3,-1],[-12,-6],[-13,-5],[-1,-1],[-7,-5],[-3,-1],[-7,-2],[-15,-6],[-8,-2],[-15,3],[-8,1],[-6,-2],[-7,-5],[-8,-1],[-14,4],[-8,1],[-19,-3],[-8,1],[-6,1],[-7,0],[-16,-5],[-6,-1],[-6,2],[-2,8],[1,6],[7,14],[2,7],[2,23],[1,3],[7,4],[4,8],[7,15],[5,4],[6,1],[13,0],[5,3],[1,6],[3,6],[7,1],[0,3],[-3,0],[-2,1],[-2,-1],[-3,0],[-2,-2],[-1,-2],[-1,-2],[0,-2],[-25,-2],[-3,-4],[-3,-4],[-8,-5],[-8,-5],[-5,-1],[-3,3],[-9,15],[-2,5],[1,6],[4,13],[2,8],[0,4],[-1,4],[0,4],[4,6],[1,4],[1,8],[2,5],[5,7],[6,7],[5,3],[8,3],[7,-1],[7,-3],[5,-4],[5,-3],[3,0],[3,1],[2,1],[4,-2],[4,-1],[6,-5],[15,18],[7,6],[12,3],[6,-3],[6,-4],[5,-3],[7,3],[2,5],[0,6],[-2,6],[-4,4],[-2,-4],[-5,-3],[-5,0],[-5,3],[-6,2],[-7,-1],[-6,-3],[-5,-3],[-10,-4],[-10,1],[-23,9],[-4,0],[-4,-1],[-4,0],[-6,5],[-4,1],[-7,0],[-7,-2],[-11,-10],[-7,-4],[-8,-3],[-4,0],[-3,1],[-1,3],[4,4],[-1,3],[-5,1],[-6,-4],[-6,-3],[-8,2],[-2,5],[-1,8],[-1,8],[3,3],[6,4],[1,7],[-4,4],[-9,-3],[-3,-5],[-4,-6],[-3,-8],[-2,-6],[-2,-8],[-7,-2],[-7,2],[-5,-1],[-4,6],[1,4],[0,3],[-8,2],[-6,0],[-5,-1],[-3,-3],[2,-6],[-15,3],[-5,-1],[6,-7],[9,-3],[6,3],[11,10],[1,-4],[-1,-4],[-2,-3],[-1,-4],[2,-2],[10,-4],[13,1],[4,-16],[-3,-37],[-4,-6],[-1,-3],[-1,0],[-3,-3],[-2,-4],[-1,-2],[-6,-5],[-2,-1],[-5,-1],[-5,2],[-2,-1],[0,-5],[-3,0],[-2,4],[-2,-1],[-1,-3],[-2,-3],[-1,-1],[-3,-3],[-4,0],[-1,3],[-3,4],[-6,3],[-7,3],[-6,-2],[8,-4],[3,-4],[-1,-4],[-3,-1],[-14,4],[3,-2],[7,-5],[0,-3],[-1,-2],[-2,-1],[-3,2],[-5,2],[-6,0],[-6,-2],[-3,-3],[20,-7],[6,-1],[13,3],[5,0],[-4,-3],[0,-2],[5,-2],[-3,-3],[6,-2],[0,-4],[-3,-5],[1,-4],[2,-4],[-2,-1],[-11,2],[-3,3],[-4,6],[-4,3],[-7,5],[-7,2],[-3,-7],[1,-1],[3,-1],[4,-1],[3,0],[2,-2],[6,-10],[-6,-2],[-8,1],[-20,8],[-3,-1],[-1,-5],[0,-9],[1,-5],[2,-4],[1,2],[2,1],[4,2],[0,-3],[0,-4],[0,-3],[11,4],[7,1],[4,-1],[6,-3],[4,0],[17,6],[2,-1],[0,-4],[2,-4],[6,-3],[2,-3],[1,-1],[4,-12],[1,-2],[2,-2],[2,-2],[4,-1],[3,-1],[4,1],[3,-1],[3,-6],[2,-3],[2,-2],[1,-1],[1,-5],[0,-2],[1,-3],[-2,-4],[-1,-1],[-4,-4],[-2,-2],[-11,-40],[-7,-12],[-19,-19],[-2,-6],[-3,-5],[-12,-13],[-4,-2],[2,-4],[0,-3],[-1,-2],[-4,-1],[2,-4],[-1,-4],[-2,-2],[-1,-2],[1,-3],[4,-8],[0,-6],[-5,-4],[-2,-1],[-3,-1],[-3,-2],[-1,-2],[-3,-2],[-22,-11],[-6,-2],[-16,-1],[-41,-23],[-6,-5],[-9,-6],[-6,-1],[-5,1],[-4,0],[-12,-7],[-15,-5],[-19,-13],[-12,-3],[3,5],[1,3],[3,2],[-6,-2],[-5,-3],[-15,-13],[-3,-4],[-1,-6],[-7,-5],[-29,-9],[-20,-3],[-61,-29],[-8,0],[-2,-3],[-5,2],[-4,-3],[-4,-3],[-4,-3],[-6,1],[-7,1],[-5,-1],[-1,-2],[-2,-5],[-6,-4],[-3,0],[-46,-3],[-7,1],[-6,2],[-5,4],[-4,2],[-4,-1],[-4,-1],[-4,-1],[-3,2],[-11,8],[-54,21],[-19,13],[-8,2],[-4,2],[-11,12],[-7,5],[-21,8],[-12,11],[-13,7],[-38,34],[-32,25],[-30,36],[-2,4],[-2,3],[-16,15],[-23,26],[-11,15],[-2,11],[-6,1],[-6,3],[-6,5],[-43,43],[-21,12],[-5,5],[-11,14],[-7,6],[-8,11],[-11,5],[-6,5],[-10,12],[-2,6],[1,10],[-2,5],[-7,-7],[-5,-1],[-6,3],[-32,29],[-11,8],[-4,4],[-17,21],[-11,7],[-5,5],[-4,9],[-15,20],[-12,9],[-6,7],[-5,11],[-9,14],[-3,7],[-1,8],[3,5],[3,5],[2,6],[1,8],[2,6],[3,5],[3,4],[5,4],[14,7],[9,6],[2,0],[2,-3],[-1,-4],[-3,-4],[-6,-2],[-3,-4],[5,-8],[3,-3],[6,-1],[3,1],[6,3],[3,1],[3,0],[2,-2],[3,0],[3,1],[4,4],[4,3],[3,-1],[5,-4],[1,-5],[-8,-12],[1,-5],[-5,-8],[1,-7],[6,-5],[7,-4],[0,-3],[26,4],[17,7],[3,7],[5,1],[26,1],[11,2],[4,2],[2,2],[5,6],[1,2],[2,1],[2,0],[2,1],[2,5],[-1,4],[-2,5],[-2,5],[1,6],[2,0],[3,-1],[4,2],[2,0],[4,-14],[1,-7],[-3,-5],[5,-2],[11,-3],[5,-2],[1,3],[1,2],[3,4],[4,-2],[2,1],[2,3],[2,3],[1,1],[1,2],[2,1],[2,1],[2,-1],[4,-2],[2,0],[3,6],[6,15],[3,6],[3,-3],[16,-17],[2,-2],[4,1],[2,3],[1,4],[2,4],[4,4],[3,1],[3,0],[4,0],[7,3],[7,4],[20,17],[4,2],[8,0],[2,1],[6,4],[13,1],[29,-4],[12,5],[4,6],[6,13],[9,12],[11,19],[18,26],[1,3],[0,8],[0,4],[1,1],[6,6],[11,21],[5,3],[5,3],[11,12],[6,4],[3,0],[4,-1],[4,0],[4,2],[3,4],[2,5],[2,3],[3,7],[1,8],[-2,8],[-3,7],[-4,5],[-6,6],[-6,3],[-3,-6],[-3,-3],[-14,-6],[-4,-6],[0,-4],[1,-5],[1,-4],[2,-3],[-3,-9],[0,-3],[1,-3],[0,-5],[-1,-4],[-1,-3],[-2,-2],[-3,-1],[-7,0],[-2,0],[-2,-2],[-2,0],[-2,1],[-2,2],[-1,1],[-2,1],[-2,0],[-1,-1],[-2,-1],[-2,-1],[-1,2],[-3,3],[-8,2],[-4,5],[-3,5],[-5,5],[-1,-9],[-3,-6],[-6,-2],[-9,0],[-2,0],[-2,-1],[-1,0],[-3,2],[-2,2],[0,1],[-1,1],[-2,0],[-4,1],[-1,2],[0,3],[2,4],[-8,-13],[4,-2],[4,-4],[1,-4],[-5,-1],[-20,-3],[-22,-8],[-19,-3],[-20,-6],[-11,-2],[-6,-2],[-9,-4],[-9,-6],[-7,-7],[-11,-19],[-4,-2],[-8,1],[-14,3],[-23,1],[-3,1],[-7,5],[-4,1],[-12,-1],[-3,1],[-4,1],[-2,1],[-2,1],[-2,1],[-16,4],[-6,3],[-12,2],[-12,5],[-34,3],[-12,3],[-23,13],[-33,21],[-59,25],[-60,38],[-10,8],[-3,2],[-1,1],[0,3],[0,4],[-10,3],[-4,6],[-3,6],[-2,5],[1,-1],[4,-3],[4,6],[1,4],[0,4],[-6,-3],[-10,-2],[-9,2],[-3,6],[6,14],[3,0],[10,2],[3,1],[-1,2],[-4,3],[-5,1],[-2,1],[-2,2],[-1,3],[-1,1],[-2,0],[-2,-1],[-2,-1],[-4,2],[-3,2],[-2,3],[-1,4],[1,4],[2,2],[3,2],[4,0],[-2,3],[-2,2],[-3,-1],[-3,-2],[-4,2],[-2,-2],[-2,-3],[-5,-2],[-4,2],[-2,4],[1,4],[2,5],[-5,-3],[-4,-1],[-3,1],[-3,3],[4,7],[5,7],[6,6],[7,3],[-2,4],[-2,0],[-2,-2],[-4,1],[-1,2],[-4,5],[-2,3],[1,-6],[3,-6],[-1,-4],[-5,-4],[-7,1],[-2,5],[2,14],[-2,17],[1,8],[7,3],[15,-4],[7,0],[0,6],[-2,2],[-3,-1],[-3,1],[-1,5],[1,1],[7,2],[5,3],[7,1],[3,1],[2,2],[5,7],[10,10],[6,5],[13,5],[5,13],[6,5],[3,1],[12,-1],[4,1],[6,5],[4,2],[5,1],[18,13],[-6,2],[-9,-3],[-4,1],[-9,-8],[-8,-5],[-9,-1],[-13,0],[-7,-2],[-3,-3],[-5,-10],[-4,-4],[-3,-3],[-12,-2],[-5,-3],[-5,-3],[-5,-3],[-13,-2],[-8,-5],[-7,-3],[-6,-5],[-24,-26],[4,-2],[0,-3],[-1,-2],[-3,-3],[-5,-3],[-3,0],[-3,1],[-5,0],[-22,-1],[-16,2],[-9,3],[-4,4],[2,6],[1,1],[7,-1],[1,1],[2,5],[0,1],[5,3],[4,1],[4,-1],[4,-5],[4,5],[6,1],[5,1],[1,7],[-7,-4],[-6,0],[-6,3],[-5,5],[-4,6],[-1,7],[1,7],[0,7],[-7,-7],[-3,-2],[-2,3],[1,6],[4,8],[1,10],[1,3],[0,3],[8,12],[3,1],[6,3],[3,1],[1,0],[3,0],[1,0],[2,1],[-1,2],[-2,1],[0,3],[0,3],[1,3],[3,2],[3,1],[1,-2],[1,-2],[2,-4],[5,-2],[5,2],[4,4],[3,5],[0,2],[-2,4],[1,3],[4,1],[2,-2],[1,-3],[1,-3],[-1,-3],[11,8],[16,2],[40,0],[34,0],[26,-1],[1,49],[0,36],[0,28],[7,15],[18,-1],[5,-7],[2,-20],[6,-5],[4,2],[11,19],[1,3],[0,3],[2,2],[5,0],[3,-1],[3,-3],[2,-2],[7,-12],[5,-4],[6,-1],[9,3],[14,8],[7,1],[8,-2],[19,-9],[7,-1],[13,1],[26,9],[96,-2],[10,-4],[27,-27],[15,-7],[19,-2],[69,1],[15,3],[13,10],[3,6],[9,22],[3,5],[4,3],[12,1],[20,6],[7,0],[7,1],[12,9],[7,3],[19,1],[6,2],[15,10],[36,8],[14,0],[5,-8],[-2,-4],[-6,-4],[-2,-2],[0,-4],[3,-12],[2,-14],[2,-5],[6,-5],[13,-6],[45,-3],[7,2],[13,6],[7,2],[6,2],[2,2],[-4,6],[-1,6],[5,6],[21,13],[6,2],[7,0],[7,-3],[7,0],[3,2],[3,4],[4,4],[16,5],[3,4],[-2,8],[-12,4],[-14,2],[-8,4],[-1,3],[0,2],[0,3],[0,3],[1,7],[1,2],[1,2],[0,2],[-2,2],[-6,6],[-1,10],[2,11],[5,8],[23,10],[7,5],[-3,3],[-6,10],[-12,31],[-20,29],[-10,19],[-7,19],[-12,48],[-4,8],[-6,7],[-21,17],[-12,12],[-4,7],[-1,8],[-3,9],[-14,14],[-5,7],[-3,12],[2,40],[2,31],[-1,14],[-8,9],[-13,3],[-13,-4],[-13,-5],[-14,-3],[-40,-1],[-19,4],[-14,5],[-5,3],[-5,9],[-7,19],[-6,7],[-14,11],[-14,15],[-11,17],[-6,17],[0,6],[3,18],[0,12],[2,6],[18,28],[5,13],[2,12],[-3,14],[0,7],[1,7],[4,7],[1,6],[-1,14],[2,29],[-2,12],[-10,12],[-12,6],[-13,3],[-82,-3],[-15,5],[-25,20],[-14,9],[-53,20],[-11,11],[-2,14],[7,41],[7,43],[10,27],[14,21],[31,29],[22,14],[40,35],[20,30],[30,25],[8,11],[25,67],[4,6],[30,28],[3,3],[23,16],[20,19],[6,4],[6,1],[13,2],[13,5],[7,1],[7,0],[10,-3],[10,-5],[8,-6],[12,-12],[9,-7],[5,-4],[2,-7],[-1,-13],[1,-7],[11,-22],[13,-17],[18,-11],[23,-3],[29,6],[38,17],[43,19],[26,8],[29,6],[29,2],[27,-2],[29,2],[48,13],[55,15],[4,4],[2,5],[4,42],[2,7],[4,7],[27,32],[42,31],[14,13],[9,15],[7,16],[20,70],[8,15],[26,27],[9,6],[49,23],[46,21],[39,19],[44,20],[5,4],[5,5],[11,24],[9,13],[21,26],[27,46],[16,29],[19,32],[18,51],[15,42],[14,43],[5,5],[59,25],[63,12],[13,7],[57,42],[0,5],[1,5],[-5,15],[-7,15],[-7,9],[-17,8],[1,1],[2,6],[5,5],[7,3],[7,0],[-1,2],[-1,5],[-1,2],[6,-2],[4,1],[4,2],[17,22],[2,4],[3,3],[14,4],[4,4],[2,8],[-1,7],[-1,6],[4,7],[5,5],[4,4],[6,3],[7,3],[8,2],[3,1],[1,5],[1,3],[5,4],[2,7],[3,2],[5,5],[7,9],[3,2],[5,4],[3,2],[0,3],[-3,7],[1,1],[6,2],[7,5],[4,6],[-2,6],[2,4],[3,3],[4,2],[4,1],[4,0],[9,-3],[7,0],[3,3],[1,4],[4,6],[6,5],[6,3],[6,1],[8,0],[6,2],[6,5],[4,5],[6,5],[0,7],[5,6],[7,5],[20,9],[-3,3],[-6,5],[-5,3],[-7,0],[-15,-2],[-6,2],[-4,5],[-3,4],[-2,5],[-1,7],[1,7],[5,14],[0,15],[3,8],[13,30],[4,6],[6,7],[4,5],[2,7],[-1,6],[-10,14],[-10,33],[-19,30],[-4,4],[1,2],[4,5],[1,1],[2,1],[1,0],[1,2],[1,4],[1,2],[2,3],[2,1],[0,2],[1,4],[1,8],[3,6],[5,4],[26,18],[6,2],[4,2],[10,17],[22,-4],[7,1],[6,9],[3,12],[6,8],[16,-5],[5,6],[7,1],[7,-1],[9,1],[4,2],[2,2],[2,3],[2,4],[3,1],[9,0],[3,0],[-2,10],[6,1],[21,-7],[3,0],[3,1],[3,3],[3,1],[8,-2],[4,0],[0,8],[8,7],[10,4],[8,3],[5,0],[11,0],[1,3],[3,12],[3,6],[11,11],[4,7],[-2,8],[-9,9],[-10,7],[-23,17],[-12,6],[-24,5],[-12,6],[-12,9],[-11,4],[-11,-1],[-15,-5],[-14,-1],[-23,10],[-14,-1],[-12,-3],[-13,-1],[-12,4],[-10,9],[-10,24],[-1,7],[3,7],[3,6],[3,6],[1,7],[-3,14],[0,7],[3,8],[8,15],[3,7],[-2,8],[-4,3],[-7,-1],[-6,-5],[-3,-7],[-1,-6],[-3,-5],[-7,-5],[-7,-1],[-18,-3],[-7,0],[-6,3],[-9,9],[-6,2],[-7,0],[-11,-6],[-6,-2],[-8,2],[-6,3],[-4,5],[-3,7],[3,4],[2,3],[4,6],[1,7],[-4,18],[-1,18],[-4,8],[-9,5],[-32,4],[-13,7],[-19,22],[-11,10],[-12,7],[-10,8],[-4,11],[1,15],[3,7],[6,3],[13,4],[5,4],[5,4],[4,5],[3,6],[10,25],[8,27],[-6,19],[-18,12],[-22,10],[-16,12],[-3,5],[-2,5],[-1,5],[1,11],[1,4],[2,4],[2,5],[12,17],[8,7],[36,5],[12,5],[12,7],[10,8],[8,10],[3,11],[-4,11],[-11,7],[-13,0],[-13,-3],[-12,-1],[-18,6],[-7,0],[-23,-5],[-11,2],[-10,6],[-8,9],[-3,11],[3,10],[8,7],[21,10],[6,5],[1,7],[-3,7],[-4,7],[-8,17],[-6,6],[-10,1],[-10,-1],[-9,1],[-8,3],[-8,4],[-8,7],[-2,8],[1,9],[6,8],[4,2],[8,4],[3,3],[2,4],[0,13],[6,8],[16,10],[5,7],[0,10],[-3,9],[1,8],[10,7],[5,2],[54,8],[9,4],[26,15],[22,8],[21,1],[22,-3],[86,-26],[121,-21],[32,2],[22,4],[13,0],[4,-2],[4,-3],[5,-6],[5,-6],[14,-8],[14,-6],[90,-20],[15,-1],[20,4],[7,0],[15,-1],[6,1],[7,5],[20,17],[22,14],[10,3],[2,1],[5,5],[7,10],[5,4],[12,2],[22,-8],[11,1],[37,8],[47,23],[13,4],[13,-2],[15,-9],[5,-2],[6,0],[30,5],[4,2],[32,25],[3,7],[-1,19],[2,8],[9,5],[12,4],[12,0],[9,-2],[9,-5],[5,0],[5,2],[6,7],[21,13],[5,6],[2,11],[-2,10],[-2,8],[7,7],[2,2],[129,67],[128,67],[5,-8],[7,-8],[8,-5]]]}